Q1,Q2,Q3,Q4,Q5,Q6,Q7,Q8,Q9,Q10,Q11,Q12,Q13,Q14,Q15,Personality
3,3,3,2,2,4,2,2,3,1,2,1,2,4,1,Artista
2,3,2,3,2,4,1,2,4,3,2,1,4,3,4,Artista
3,4,4,3,2,4,2,1,4,2,2,1,2,3,2,Artista
3,4,1,2,2,4,1,1,3,2,2,2,2,3,4,Artista
2,4,1,4,3,3,2,1,4,3,2,1,3,3,2,Artista
3,3,3,4,3,3,2,1,4,1,2,1,1,3,1,Artista
2,3,4,4,2,3,1,2,3,1,3,2,1,4,1,Artista
2,3,2,4,2,4,1,2,4,3,2,4,4,3,1,Artista
2,4,3,4,3,3,2,2,4,1,2,2,2,3,4,Artista
2,3,4,4,2,3,1,1,3,1,3,1,1,3,2,Artista
2,3,4,3,3,4,1,2,3,4,2,3,4,3,1,Artista
3,4,3,2,3,3,1,1,4,2,3,1,1,3,3,Artista
2,4,1,1,3,3,2,1,4,4,3,1,1,3,1,Artista
2,4,1,3,3,3,2,1,3,4,2,2,3,4,2,Artista
2,3,2,2,2,4,2,2,3,1,3,3,4,4,1,Artista
3,4,4,2,3,4,2,1,4,3,2,1,3,4,1,Artista
2,3,3,4,2,3,1,1,4,3,3,4,4,4,4,Artista
3,3,1,2,2,4,2,1,3,4,2,4,2,3,1,Artista
3,4,3,4,3,3,1,1,4,3,3,3,4,3,3,Artista
3,3,4,2,3,4,1,2,4,4,3,1,2,3,4,Artista
2,3,3,4,2,4,2,2,3,2,3,2,1,4,1,Artista
2,3,3,3,2,3,2,1,3,4,2,1,3,3,1,Artista
2,3,4,3,2,3,2,2,3,1,3,3,4,4,2,Artista
2,4,1,4,3,4,2,1,4,2,3,2,3,3,4,Artista
2,3,1,4,3,3,1,2,4,3,3,3,3,4,2,Artista
3,4,2,4,2,3,1,1,3,4,2,3,4,3,3,Artista
2,4,3,1,3,3,2,2,4,3,3,2,3,3,1,Artista
3,3,1,3,3,3,2,2,4,1,3,2,2,3,1,Artista
3,4,1,2,3,4,1,1,3,2,3,2,1,3,4,Artista
3,4,4,1,3,4,2,1,4,1,2,3,3,4,1,Artista
3,3,1,1,3,4,2,1,4,4,2,3,2,4,4,Artista
3,3,3,4,2,3,1,2,4,3,2,4,1,4,4,Artista
3,3,4,1,3,4,2,1,4,4,3,2,1,4,1,Artista
3,4,2,2,3,4,2,1,4,1,2,3,4,4,4,Artista
2,4,1,3,2,3,2,2,3,1,3,3,1,4,1,Artista
2,4,3,4,3,3,2,2,4,3,2,1,4,3,1,Artista
3,4,2,2,3,4,2,1,4,4,2,4,2,3,4,Artista
2,3,4,3,3,4,2,1,4,1,3,4,3,3,3,Artista
3,3,3,2,2,3,2,2,3,3,3,1,3,4,4,Artista
2,4,4,1,3,4,1,2,4,4,2,3,1,3,3,Artista
3,4,3,4,2,4,2,2,4,4,3,1,2,3,4,Artista
2,4,2,4,3,3,1,1,3,3,2,4,3,3,1,Artista
2,3,2,2,2,4,1,1,3,2,3,2,1,4,2,Artista
3,4,1,4,2,4,1,2,3,1,2,4,1,4,4,Artista
2,4,3,3,3,4,2,2,4,1,3,4,4,4,4,Artista
3,4,4,1,3,4,1,1,3,3,2,1,3,4,4,Artista
2,4,1,3,3,4,1,1,3,1,2,1,2,3,3,Artista
3,3,4,4,3,4,1,2,4,3,3,1,2,4,1,Artista
2,3,4,1,2,4,1,2,4,4,3,1,2,4,2,Artista
3,4,2,3,2,3,1,2,4,4,3,3,4,3,4,Artista
2,4,2,2,1,4,1,1,3,2,2,2,2,4,2,Artista
2,4,2,2,2,2,1,1,3,2,1,2,2,3,3,Artista
2,3,2,3,2,3,1,1,3,2,3,3,3,3,2,Artista
3,4,2,3,2,3,2,1,4,2,2,2,2,4,2,Artista
2,4,3,2,2,4,1,1,2,3,1,1,3,4,2,Artista
2,2,2,3,2,4,1,1,4,2,2,2,2,4,2,Artista
2,4,2,2,2,3,1,2,4,2,3,2,2,3,1,Artista
1,4,3,3,2,4,1,2,4,2,2,2,3,2,3,Artista
2,4,1,2,3,3,1,1,4,3,2,1,3,2,3,Artista
2,3,2,2,1,4,1,1,4,2,1,2,2,4,2,Artista
2,4,1,2,2,4,2,2,4,2,2,2,2,4,1,Artista
3,4,3,2,3,3,1,2,4,2,2,2,2,4,3,Artista
1,3,3,2,3,4,1,2,4,3,2,2,3,4,3,Artista
3,4,1,2,2,4,2,1,4,2,1,2,2,3,2,Artista
1,4,2,2,2,2,1,1,4,2,2,2,3,4,1,Artista
2,2,2,2,3,3,1,1,2,2,1,1,2,3,2,Artista
1,3,3,2,2,2,1,1,3,2,2,2,2,4,3,Artista
2,4,2,2,3,2,2,1,3,2,2,2,2,4,2,Artista
2,2,2,1,2,3,1,1,3,2,2,2,2,4,2,Artista
2,2,2,1,2,3,1,1,2,3,1,2,2,4,2,Artista
3,3,2,2,2,4,1,1,3,2,2,2,1,4,2,Artista
2,3,1,2,2,3,1,1,4,2,2,1,2,3,3,Artista
2,4,2,3,1,4,1,1,3,2,3,2,2,4,2,Artista
1,3,2,2,2,4,1,1,2,3,3,2,2,3,2,Artista
2,4,2,3,3,4,1,2,4,2,3,3,3,3,1,Artista
1,4,2,1,2,3,2,2,3,2,3,2,2,3,3,Artista
2,3,3,2,2,4,1,1,3,2,2,2,3,4,1,Artista
1,4,2,3,3,2,1,1,4,2,1,3,2,3,2,Artista
2,4,2,2,3,4,1,1,4,1,2,3,3,3,3,Artista
2,4,2,2,2,3,2,2,3,2,3,3,2,4,2,Artista
1,3,2,3,2,4,1,2,3,2,2,3,2,4,3,Artista
2,4,2,2,3,4,1,1,4,1,2,2,2,3,3,Artista
2,3,2,1,2,4,1,1,3,2,2,2,1,3,2,Artista
2,4,2,2,3,4,1,1,3,3,3,1,3,4,2,Artista
3,2,3,2,2,4,2,1,3,2,2,2,2,4,2,Artista
2,3,2,1,1,3,1,1,3,1,3,2,3,3,3,Artista
2,4,3,2,3,4,1,1,4,3,2,2,2,4,2,Artista
2,4,2,2,3,4,1,2,4,3,3,2,2,4,3,Artista
2,4,1,3,2,2,1,2,4,2,2,3,3,3,3,Artista
2,2,2,3,2,3,1,1,4,2,1,2,1,4,2,Artista
2,4,3,3,2,4,2,1,4,3,1,3,1,4,2,Artista
2,2,2,3,1,4,1,1,3,3,3,3,2,4,2,Artista
3,3,2,3,2,3,1,2,4,2,2,2,2,4,1,Artista
2,4,2,3,2,4,1,1,4,2,2,2,1,4,2,Artista
3,4,2,1,2,3,2,2,4,2,2,2,1,2,2,Artista
3,3,2,2,3,4,1,1,4,2,2,3,2,3,2,Artista
2,3,3,3,2,4,1,1,4,3,2,2,2,3,2,Artista
1,4,1,2,2,4,1,2,3,2,2,2,2,4,3,Artista
3,4,3,3,3,4,1,2,4,3,2,2,2,4,3,Artista
2,4,3,2,1,3,1,1,4,2,3,2,2,4,1,Artista
1,3,3,2,2,4,1,1,4,2,2,2,1,4,2,Artista
2,4,3,3,2,4,1,1,3,2,3,1,3,4,2,Artista
3,2,2,2,3,3,1,2,4,1,2,2,2,3,2,Artista
2,4,2,3,3,3,1,1,4,3,1,1,2,4,2,Artista
2,2,3,1,2,3,1,1,2,2,2,2,2,4,3,Artista
3,4,2,2,3,4,1,1,4,2,1,2,2,2,2,Artista
2,4,2,3,2,4,1,1,4,3,2,2,2,3,2,Artista
3,4,2,2,2,3,2,1,3,3,2,1,1,4,2,Artista
2,4,2,3,2,3,1,1,2,2,2,2,2,4,3,Artista
3,4,2,2,2,4,1,1,4,1,3,2,2,4,3,Artista
1,4,2,2,1,4,1,1,4,2,2,2,2,4,2,Artista
1,3,3,3,1,4,1,1,2,2,2,2,3,4,1,Artista
2,4,3,2,3,3,1,1,3,3,2,1,2,4,2,Artista
2,4,1,3,1,4,1,1,3,2,3,2,3,4,3,Artista
3,3,2,2,3,3,1,1,4,3,2,2,1,4,3,Artista
2,3,2,2,2,4,1,1,3,3,3,2,2,4,2,Artista
2,4,1,2,2,4,1,1,3,1,2,1,2,3,1,Artista
1,3,2,1,2,4,1,1,2,2,2,3,1,3,3,Artista
2,4,2,3,2,4,1,1,3,1,3,2,2,2,2,Artista
2,3,2,2,2,4,1,1,4,2,2,2,2,4,1,Artista
3,4,3,2,2,4,1,1,3,1,2,2,2,3,2,Artista
2,4,1,2,3,4,1,1,4,2,1,2,1,4,2,Artista
3,4,3,3,3,4,1,2,2,1,2,2,2,3,2,Artista
2,2,2,2,3,3,1,1,3,1,3,2,1,3,2,Artista
3,4,3,1,2,2,1,2,4,2,2,3,3,4,2,Artista
2,4,1,3,2,4,1,1,2,1,3,1,2,4,2,Artista
2,3,2,2,1,4,1,1,4,2,1,3,2,3,2,Artista
3,3,2,3,2,3,1,1,4,1,1,2,3,4,3,Artista
3,2,2,2,3,4,1,2,4,2,2,2,3,3,2,Artista
3,4,3,2,2,4,1,1,3,2,2,2,2,4,1,Artista
3,3,2,2,2,3,1,1,4,2,1,2,1,2,1,Artista
2,3,2,3,2,2,2,1,3,2,2,2,2,3,2,Artista
2,2,2,2,2,4,1,1,4,2,3,1,3,4,2,Artista
2,4,2,3,1,4,2,1,3,3,2,2,2,2,3,Artista
2,4,2,3,3,3,1,1,4,2,2,2,3,3,1,Artista
2,3,2,2,1,4,1,1,3,2,3,1,2,4,2,Artista
2,3,2,3,2,4,1,1,3,2,3,2,2,3,3,Artista
2,4,2,2,3,4,1,1,3,3,1,2,1,2,1,Artista
2,2,3,1,1,3,1,2,4,1,2,2,2,3,1,Artista
2,3,2,2,2,4,1,2,4,2,2,2,2,4,3,Artista
1,2,2,2,1,2,1,1,4,2,2,2,2,3,2,Artista
1,4,2,1,2,4,1,1,4,2,2,2,2,3,2,Artista
2,4,2,2,2,3,1,1,2,2,1,2,2,4,3,Artista
3,4,3,3,2,4,2,1,4,3,1,2,2,4,1,Artista
2,3,1,2,2,4,2,1,4,2,2,2,2,3,2,Artista
2,3,1,2,2,2,1,1,3,1,2,1,2,2,2,Artista
2,3,2,1,1,3,1,1,3,1,2,2,2,4,2,Artista
2,4,3,3,2,3,1,1,3,2,2,1,3,3,2,Artista
2,4,3,2,2,3,1,1,3,2,2,2,2,4,2,Artista
2,4,2,3,2,4,1,1,4,2,2,3,3,3,2,Artista
2,4,2,2,2,4,1,1,4,2,3,2,2,4,3,Artista
2,3,2,2,2,3,1,1,4,2,2,2,2,3,3,Artista
1,3,2,2,1,4,1,1,4,2,2,2,1,3,2,Artista
1,2,2,1,2,2,1,1,2,2,2,2,3,4,3,Artista
2,3,1,2,2,3,2,1,3,2,3,3,2,3,2,Artista
2,4,3,2,2,2,1,1,4,2,2,2,2,4,2,Artista
3,4,2,2,2,4,1,1,2,2,2,3,2,3,2,Artista
2,3,3,3,2,3,2,1,4,3,2,3,2,4,2,Artista
2,4,1,2,1,4,1,1,4,3,2,2,3,4,3,Artista
1,4,2,3,2,3,1,1,3,2,3,2,2,3,1,Artista
2,2,2,2,2,4,1,1,3,2,2,2,2,4,2,Artista
2,4,1,2,3,4,1,2,4,3,2,1,2,3,1,Artista
2,4,2,3,2,4,1,1,4,3,2,2,2,4,2,Artista
1,2,3,3,3,3,1,2,2,2,3,2,3,3,3,Artista
2,4,2,1,2,2,1,1,4,2,1,2,2,3,1,Artista
2,4,2,2,2,4,1,1,3,2,2,2,2,4,2,Artista
2,2,2,2,1,4,1,1,4,2,3,1,2,4,2,Artista
3,2,2,2,2,4,1,1,4,2,2,2,2,4,2,Artista
2,3,2,2,1,4,1,2,3,2,2,3,2,4,3,Artista
3,4,2,1,2,3,1,2,4,2,2,2,2,4,3,Artista
2,4,3,2,1,4,1,1,3,3,2,1,3,2,2,Artista
2,4,1,2,2,4,1,2,4,2,2,1,2,4,3,Artista
3,4,3,1,2,4,1,1,4,2,3,2,2,3,3,Artista
1,4,2,2,2,3,1,1,4,2,2,2,2,3,2,Artista
2,3,2,2,2,4,1,1,4,2,2,2,2,4,3,Artista
1,4,3,3,3,4,2,1,4,2,2,2,3,2,2,Artista
2,3,3,2,3,4,1,1,4,3,2,2,2,4,3,Artista
2,3,2,2,2,4,1,1,4,2,2,1,2,3,2,Artista
3,4,2,1,2,3,1,1,2,1,3,2,2,4,2,Artista
2,3,2,3,1,4,1,1,4,1,3,2,1,4,1,Artista
1,3,2,1,2,4,1,1,4,2,2,3,3,3,2,Artista
3,2,2,2,2,3,2,1,4,3,1,3,1,3,2,Artista
3,4,2,3,1,3,1,1,4,3,3,2,2,4,1,Artista
3,4,1,2,2,3,1,1,4,3,2,3,2,4,3,Artista
3,3,3,2,1,4,1,1,3,2,1,2,3,3,2,Artista
2,4,2,2,2,3,1,1,3,2,2,2,2,3,3,Artista
1,2,3,2,2,4,2,1,3,1,3,2,2,4,2,Artista
2,4,2,2,2,4,1,1,4,3,1,2,1,4,1,Artista
3,3,2,2,2,3,1,1,4,2,2,2,1,4,3,Artista
2,2,3,3,3,2,1,1,4,2,3,2,2,3,2,Artista
2,4,1,2,2,4,1,1,4,2,2,2,2,4,3,Artista
2,4,1,2,2,4,1,1,4,2,2,2,2,2,2,Artista
2,3,2,2,3,2,1,1,4,2,3,2,3,3,2,Artista
2,4,1,2,2,2,2,1,4,2,2,2,2,2,3,Artista
2,3,2,2,3,4,1,1,3,2,3,2,2,4,2,Artista
1,3,2,2,1,4,1,1,4,1,2,2,3,4,3,Artista
2,3,1,2,2,4,1,1,4,3,2,2,1,3,1,Artista
2,4,3,1,2,4,1,1,3,2,2,2,2,4,2,Artista
3,4,2,2,3,4,1,2,4,2,3,2,2,4,2,Artista
2,4,3,1,3,4,1,1,3,2,3,2,2,4,2,Artista
2,3,2,3,2,3,1,1,2,2,3,1,2,3,3,Artista
1,4,3,2,2,4,2,2,4,2,2,1,2,4,2,Artista
2,4,2,2,3,4,1,1,4,1,2,2,2,4,2,Artista
2,4,2,2,3,4,2,1,3,1,2,1,3,3,3,Artista
2,3,1,2,2,3,1,1,2,2,2,1,2,3,2,Artista
1,4,2,1,3,4,1,1,3,2,3,2,2,2,2,Artista
3,4,3,2,2,4,1,1,4,2,2,2,2,2,2,Artista
2,3,1,3,2,3,1,1,4,3,2,2,2,4,3,Artista
2,3,1,2,2,3,1,1,3,2,2,2,1,4,2,Artista
3,3,2,2,2,4,1,1,2,3,1,3,3,4,3,Artista
2,4,3,1,3,4,1,1,4,3,2,3,2,2,2,Artista
2,4,3,3,1,4,1,1,3,2,1,3,2,2,2,Artista
3,4,2,2,2,2,1,1,3,2,2,2,2,4,2,Artista
2,4,2,2,3,4,1,1,4,2,1,2,1,4,2,Artista
1,2,2,2,3,4,1,2,4,2,2,2,3,4,1,Artista
3,3,2,2,3,3,1,2,4,3,1,2,3,4,2,Artista
2,2,2,2,2,3,1,2,4,2,2,2,1,4,3,Artista
3,2,3,1,3,4,1,1,4,3,3,2,2,3,1,Artista
2,4,3,1,2,4,1,2,4,3,2,2,1,4,3,Artista
2,4,2,2,2,3,1,1,4,2,1,2,2,4,1,Artista
3,4,2,2,1,4,2,1,3,2,2,2,2,3,2,Artista
1,3,2,2,3,4,1,2,4,2,2,2,2,4,2,Artista
1,3,2,2,2,3,2,2,4,2,3,2,2,4,1,Artista
3,4,2,2,1,4,1,2,4,2,1,2,2,4,1,Artista
2,4,2,2,3,4,1,1,4,2,2,3,1,4,3,Artista
3,3,2,2,3,4,1,1,4,2,2,2,3,2,1,Artista
3,4,2,3,3,4,1,1,2,2,2,2,2,4,2,Artista
2,3,2,2,2,4,2,1,4,1,3,2,2,3,2,Artista
3,4,2,2,3,4,1,1,3,2,2,2,2,4,3,Artista
2,2,2,2,3,4,2,1,3,2,1,1,3,4,2,Artista
1,4,3,2,3,4,1,1,2,2,3,2,2,4,2,Artista
2,4,2,2,1,4,1,1,4,2,2,3,2,4,2,Artista
2,3,2,2,2,3,1,1,2,2,3,2,2,4,2,Artista
2,4,2,1,1,3,1,1,4,3,2,2,2,4,2,Artista
1,4,2,2,2,3,1,2,4,3,2,3,2,4,3,Artista
2,3,2,2,3,2,1,1,4,2,3,2,3,4,3,Artista
2,4,2,1,2,4,1,2,4,2,3,1,2,4,1,Artista
3,3,2,2,3,4,1,1,4,2,2,2,3,2,2,Artista
2,4,1,2,2,4,1,2,3,2,1,2,3,4,2,Artista
2,2,3,2,1,3,2,1,4,2,2,2,3,2,2,Artista
3,4,1,2,2,3,1,2,2,2,3,3,1,4,2,Artista
3,4,2,3,2,3,2,1,4,2,2,2,2,3,3,Artista
3,3,3,2,2,4,2,1,4,2,2,2,1,4,3,Artista
3,4,2,3,2,3,1,1,4,2,3,2,2,4,2,Artista
3,4,2,1,2,4,1,1,4,2,3,2,2,3,2,Artista
1,3,2,1,1,3,1,1,3,1,1,1,2,2,2,Artista
3,4,2,2,2,3,1,2,4,2,2,3,2,4,2,Artista
3,3,2,2,2,3,2,2,2,2,2,2,3,4,2,Artista
2,4,1,2,2,4,1,1,2,1,2,3,2,4,3,Artista
2,4,2,2,2,3,1,1,4,1,2,3,3,4,1,Artista
4,2,2,4,3,2,1,3,2,3,4,2,2,4,2,Diva
4,2,3,4,4,2,3,3,3,3,2,3,2,3,4,Diva
3,2,2,4,2,2,2,4,3,2,4,3,2,2,2,Diva
4,2,2,4,4,2,2,3,2,1,3,3,2,4,4,Diva
4,2,2,2,4,2,2,3,1,2,3,1,1,4,4,Diva
4,3,2,4,2,2,3,3,2,1,3,3,3,4,3,Diva
3,2,2,3,4,2,2,3,2,2,3,2,2,3,4,Diva
3,2,3,4,3,1,1,3,2,2,3,1,1,4,4,Diva
4,1,1,4,3,3,1,3,2,3,2,3,3,3,4,Diva
4,2,1,2,4,3,3,4,2,2,3,2,2,2,4,Diva
2,1,2,4,2,3,2,4,2,2,4,3,2,3,2,Diva
3,2,2,4,3,3,1,3,2,3,4,3,1,3,3,Diva
4,2,2,4,4,2,2,4,2,3,3,2,3,2,2,Diva
4,2,2,4,4,2,2,2,3,1,3,1,2,3,3,Diva
4,2,1,4,2,1,3,2,2,1,3,2,2,4,2,Diva
3,3,2,2,4,2,2,4,2,2,4,2,3,4,2,Diva
3,3,2,4,4,2,2,2,2,2,4,3,2,2,3,Diva
4,2,2,3,4,2,2,2,2,1,4,3,2,3,3,Diva
3,2,2,4,4,2,2,3,2,1,2,2,2,3,4,Diva
2,2,2,2,3,3,2,2,1,2,2,2,3,4,2,Diva
4,1,3,4,4,1,2,3,3,2,4,2,3,4,4,Diva
4,2,2,2,4,2,2,4,1,2,3,2,2,4,4,Diva
4,2,3,2,3,3,2,3,1,2,3,2,2,4,4,Diva
3,2,2,4,4,2,3,4,2,2,4,3,1,4,4,Diva
4,3,1,3,3,2,2,3,2,2,3,1,2,4,3,Diva
4,2,1,4,4,2,2,3,2,2,3,3,3,3,4,Diva
4,1,2,3,4,3,2,4,2,2,4,3,1,4,4,Diva
4,3,1,4,4,2,2,3,3,3,4,3,2,4,4,Diva
4,1,2,3,3,2,2,2,3,2,4,1,2,3,3,Diva
3,2,2,4,4,2,2,3,3,3,4,2,1,4,4,Diva
3,3,3,3,4,2,3,2,2,2,4,2,2,4,4,Diva
3,1,2,3,3,3,2,3,2,2,3,2,3,3,4,Diva
3,3,3,3,2,2,2,3,2,2,3,3,2,4,4,Diva
4,2,2,3,4,2,3,3,2,2,4,1,3,4,3,Diva
4,2,2,4,4,2,2,3,2,1,4,3,1,4,4,Diva
3,2,2,4,3,3,2,2,3,3,4,2,2,4,4,Diva
2,2,1,4,2,3,1,4,2,2,4,3,2,4,3,Diva
4,3,2,4,4,2,3,3,2,1,4,3,2,4,3,Diva
4,1,3,3,4,1,2,4,2,3,4,3,2,3,4,Diva
2,3,2,3,4,2,1,3,3,2,2,2,2,2,3,Diva
3,3,2,4,4,2,2,2,2,2,4,2,3,2,3,Diva
4,2,3,4,3,2,3,3,3,2,4,2,2,4,4,Diva
4,3,2,4,4,3,2,3,1,3,2,2,2,3,4,Diva
4,2,2,3,3,2,3,3,2,2,4,2,1,3,3,Diva
4,3,1,3,3,1,3,2,2,2,3,3,2,4,2,Diva
4,3,2,2,4,3,1,3,3,2,3,3,3,4,3,Diva
2,2,2,4,4,2,2,3,1,2,3,1,2,4,4,Diva
4,3,1,4,3,2,3,4,2,3,4,3,2,3,3,Diva
4,3,3,4,3,2,3,2,2,2,2,3,3,2,4,Diva
3,2,3,4,4,2,2,3,2,3,3,3,2,4,2,Diva
2,2,1,4,4,3,3,2,2,1,3,2,2,3,2,Diva
4,1,2,4,4,3,2,2,2,2,3,2,1,4,3,Diva
4,1,2,4,4,3,3,4,2,2,4,2,3,4,4,Diva
2,2,1,3,3,3,1,3,3,2,3,2,3,3,3,Diva
3,2,2,4,4,2,2,3,3,2,2,2,2,4,2,Diva
4,2,2,3,4,1,3,3,1,2,4,2,2,4,3,Diva
3,2,2,4,4,2,1,3,2,3,3,1,2,2,3,Diva
4,2,1,4,4,1,2,3,2,2,3,1,3,3,3,Diva
4,3,2,4,3,2,2,4,2,3,4,2,2,4,3,Diva
4,2,2,2,3,2,1,4,1,2,4,2,2,2,3,Diva
3,2,2,4,3,3,2,3,2,2,2,2,2,4,3,Diva
4,2,2,3,4,2,3,4,2,1,4,2,2,4,3,Diva
4,2,1,4,4,2,3,2,3,2,4,2,1,3,4,Diva
3,2,2,4,3,3,2,2,2,3,3,2,3,4,4,Diva
2,2,2,4,3,3,3,3,2,1,4,3,2,4,3,Diva
4,3,2,4,3,1,3,2,2,1,4,1,2,3,4,Diva
4,1,3,3,4,3,3,4,3,2,4,3,3,3,2,Diva
4,3,2,4,4,2,3,4,2,2,4,2,2,4,2,Diva
3,2,3,3,4,2,2,3,2,2,4,2,2,4,3,Diva
4,2,1,4,3,3,1,3,1,2,4,3,1,4,2,Diva
3,1,2,4,3,2,2,4,2,3,3,2,2,3,4,Diva
3,1,2,2,4,3,3,3,2,2,4,3,2,3,2,Diva
4,2,2,3,4,2,2,2,2,3,3,2,2,3,4,Diva
4,2,3,4,3,2,2,2,2,3,3,2,2,3,4,Diva
4,2,1,4,3,1,2,4,3,2,4,1,3,4,2,Diva
4,2,3,2,4,2,3,3,2,3,3,2,2,4,3,Diva
4,3,3,3,3,2,3,4,2,1,4,2,2,4,3,Diva
2,2,2,3,4,2,3,4,3,2,4,2,2,3,2,Diva
3,3,1,4,4,2,1,3,3,2,4,2,2,4,2,Diva
4,3,2,2,3,1,2,4,1,2,4,2,3,3,4,Diva
4,3,1,3,4,2,3,3,3,2,2,1,2,4,2,Diva
4,2,1,3,3,1,2,4,2,1,4,3,2,4,3,Diva
4,2,3,3,4,3,3,2,2,2,3,3,2,4,4,Diva
4,1,1,4,2,2,3,4,2,2,4,3,1,3,2,Diva
3,2,3,4,4,2,2,3,2,2,4,3,2,2,2,Diva
3,3,2,4,3,1,2,4,3,1,4,3,2,4,2,Diva
4,2,2,4,2,1,2,4,2,1,2,2,2,3,4,Diva
4,3,2,4,4,3,2,4,2,2,4,2,2,4,3,Diva
4,1,2,4,4,1,3,2,3,2,4,3,3,4,2,Diva
4,2,2,3,4,3,3,4,1,1,2,2,3,4,3,Diva
4,3,2,4,4,2,2,3,3,1,4,3,1,4,4,Diva
4,3,2,2,3,2,1,3,2,1,3,3,3,2,2,Diva
2,1,3,4,3,3,3,3,2,2,4,2,1,3,2,Diva
4,2,2,3,2,3,2,4,3,2,3,2,2,2,3,Diva
3,2,3,4,4,3,2,4,2,2,4,3,2,4,4,Diva
3,2,3,4,3,2,3,2,2,2,2,1,3,4,4,Diva
3,3,2,3,3,3,2,3,2,2,4,1,2,3,4,Diva
3,2,2,2,4,2,2,3,3,2,4,2,2,4,3,Diva
3,2,3,3,4,2,3,4,2,1,4,2,3,3,2,Diva
4,2,1,3,4,3,2,4,2,3,4,2,3,4,3,Diva
4,2,2,3,3,2,1,2,3,2,4,1,2,4,3,Diva
4,2,2,4,3,3,2,2,2,1,4,3,2,2,2,Diva
2,3,2,4,3,2,2,4,2,2,3,1,3,3,4,Diva
4,1,2,3,3,2,2,2,2,1,4,1,2,4,2,Diva
4,2,2,4,4,3,2,3,1,3,3,2,2,4,4,Diva
4,2,3,3,3,2,2,2,2,2,3,2,3,3,2,Diva
3,2,2,4,4,2,2,4,1,2,4,2,2,4,3,Diva
4,1,3,3,4,2,2,3,3,2,3,1,2,3,2,Diva
4,3,2,3,4,2,2,4,3,2,4,2,2,3,4,Diva
4,1,2,4,4,1,2,2,2,2,4,1,1,2,3,Diva
3,3,2,4,4,2,2,4,1,3,4,3,3,3,3,Diva
3,2,2,4,3,1,2,4,3,3,3,2,3,3,2,Diva
3,1,3,4,3,2,3,2,3,2,3,2,1,3,4,Diva
3,2,3,4,3,2,3,4,2,3,4,2,3,4,3,Diva
3,2,2,3,4,2,3,2,2,2,4,2,2,2,3,Diva
3,1,3,4,4,2,2,3,2,2,4,2,1,3,3,Diva
4,1,2,4,4,2,1,3,3,2,3,3,3,3,3,Diva
3,1,2,3,4,2,2,4,3,1,3,3,2,4,3,Diva
4,3,2,4,4,3,2,3,2,2,4,3,2,4,4,Diva
4,2,3,3,3,2,2,3,2,2,4,1,3,4,4,Diva
4,2,2,4,3,1,3,3,2,1,4,1,2,3,4,Diva
4,2,2,4,3,2,2,4,2,2,3,2,3,4,3,Diva
4,2,2,3,3,2,2,2,2,2,3,1,1,4,2,Diva
4,2,3,4,4,2,2,2,2,2,4,3,2,2,4,Diva
3,2,3,3,3,2,2,3,3,2,4,2,3,3,3,Diva
4,2,2,4,4,2,3,2,3,3,3,3,2,3,4,Diva
4,2,2,4,4,3,3,4,3,2,4,3,3,4,2,Diva
3,2,2,4,3,2,2,3,2,2,3,2,3,4,3,Diva
4,1,2,4,4,2,2,4,2,2,4,1,2,3,2,Diva
3,3,2,4,4,1,3,4,1,3,3,2,3,2,2,Diva
4,2,2,2,3,1,3,3,2,2,4,3,2,4,4,Diva
4,2,2,2,3,2,2,4,2,2,3,2,2,4,3,Diva
3,2,1,3,4,2,2,4,1,2,3,3,3,3,4,Diva
4,1,2,4,2,3,2,3,3,3,4,3,2,4,4,Diva
3,3,2,3,4,1,3,3,3,1,4,3,1,2,4,Diva
4,3,2,4,4,2,2,2,2,2,2,2,2,4,2,Diva
4,3,2,4,4,1,3,2,3,2,3,3,2,4,3,Diva
4,2,3,4,4,1,2,2,2,2,4,1,3,4,4,Diva
3,3,2,4,3,2,2,4,2,1,3,2,2,4,4,Diva
4,2,1,4,4,3,1,4,2,1,4,3,3,4,4,Diva
2,1,3,3,4,2,1,3,2,2,4,2,3,3,2,Diva
4,2,3,4,3,2,2,3,2,2,4,2,2,4,4,Diva
3,2,2,3,4,3,2,2,1,2,3,3,2,2,4,Diva
4,2,2,3,3,3,2,3,3,2,3,2,2,2,3,Diva
4,1,3,3,3,3,3,4,2,2,4,1,3,3,3,Diva
4,1,2,3,4,3,3,3,3,3,3,3,2,4,3,Diva
3,1,3,4,4,3,1,4,2,2,3,2,1,4,3,Diva
4,1,3,3,2,2,2,3,2,2,2,2,2,4,3,Diva
4,2,3,3,4,3,2,4,1,2,4,1,3,3,4,Diva
2,2,1,3,3,3,2,4,2,2,4,2,2,4,2,Diva
4,1,1,3,4,1,2,3,2,2,4,1,3,3,4,Diva
2,1,3,2,4,2,2,4,2,1,2,1,3,4,3,Diva
4,2,1,2,3,1,2,4,3,2,4,2,3,4,3,Diva
3,2,2,3,3,2,3,3,2,2,4,2,1,3,3,Diva
2,3,3,3,4,1,2,3,1,3,3,2,3,3,2,Diva
4,2,2,4,4,2,2,2,3,2,4,2,2,4,2,Diva
3,2,3,3,4,2,2,2,3,2,4,2,2,3,4,Diva
4,2,2,4,4,2,2,3,3,3,4,3,3,4,2,Diva
2,2,3,4,2,2,1,4,2,3,4,1,2,4,4,Diva
3,3,3,4,2,2,3,4,2,2,3,2,3,4,4,Diva
3,1,2,4,2,2,3,4,2,1,3,2,2,4,3,Diva
3,2,1,3,3,3,2,3,1,1,4,3,3,3,4,Diva
4,2,3,3,4,3,2,2,1,2,4,2,2,4,4,Diva
4,2,2,2,4,2,2,3,1,2,4,2,2,3,4,Diva
3,2,2,4,4,2,1,4,3,3,3,2,2,4,4,Diva
4,2,3,4,3,2,3,2,2,3,4,3,2,4,2,Diva
4,2,2,4,3,2,2,4,2,2,4,3,2,4,3,Diva
4,2,2,2,4,2,2,4,2,3,3,1,2,3,4,Diva
3,3,2,3,4,2,2,4,1,2,2,2,2,4,3,Diva
4,2,2,4,3,2,2,3,3,3,4,2,3,3,3,Diva
2,3,2,4,4,3,2,3,2,2,3,3,2,4,4,Diva
3,2,2,4,4,2,3,4,2,2,4,3,2,4,4,Diva
4,2,1,4,3,1,2,2,2,2,4,2,1,4,4,Diva
4,2,2,4,3,2,2,3,2,2,4,3,3,4,3,Diva
3,2,1,4,2,1,1,2,1,1,3,1,2,2,3,Diva
3,2,2,4,3,2,2,2,2,2,2,2,2,3,3,Diva
4,2,2,3,4,2,3,4,2,2,4,2,2,4,3,Diva
4,2,2,3,2,3,3,4,2,3,4,3,2,4,3,Diva
4,2,3,4,4,2,2,3,2,2,4,2,2,2,4,Diva
3,2,2,2,4,2,2,3,2,2,4,2,3,3,3,Diva
4,2,3,4,4,3,1,2,1,2,2,2,3,4,3,Diva
4,3,2,3,4,2,3,3,3,1,3,2,1,3,4,Diva
4,3,2,2,3,2,2,4,3,2,4,1,2,3,2,Diva
3,3,2,4,4,2,2,4,2,2,4,1,2,4,3,Diva
4,2,3,4,3,2,2,4,1,2,4,3,2,4,3,Diva
3,2,2,4,4,2,3,2,2,2,2,2,2,4,4,Diva
4,1,2,3,4,1,2,3,1,3,4,3,2,4,3,Diva
2,2,2,3,2,2,2,2,2,2,4,2,3,4,3,Diva
4,2,3,4,3,3,1,2,2,3,2,3,2,3,4,Diva
3,2,2,4,4,2,2,3,1,3,4,3,2,4,3,Diva
2,2,2,2,4,2,2,3,1,2,4,3,2,4,4,Diva
3,2,2,2,4,2,2,2,2,3,2,2,2,4,4,Diva
4,3,2,4,4,3,2,2,2,2,3,2,2,4,3,Diva
4,3,2,3,4,1,2,4,2,3,4,2,3,3,3,Diva
2,1,3,3,4,3,2,3,2,2,4,1,2,4,4,Diva
4,2,2,4,4,1,2,3,2,2,3,3,2,3,3,Diva
4,2,2,3,2,1,1,4,2,2,4,2,2,2,4,Diva
3,3,2,4,4,2,3,3,2,3,4,1,2,4,3,Diva
2,2,1,4,3,3,2,3,2,2,3,2,1,3,4,Diva
2,2,3,4,3,2,1,3,1,2,4,2,2,4,3,Diva
4,1,2,4,3,1,4,3,3,2,3,2,1,3,3,Diva
3,1,2,4,3,4,3,3,2,4,4,4,4,4,2,Diva
3,1,1,3,3,1,4,4,3,4,3,1,4,4,3,Diva
3,3,3,4,3,4,3,3,3,1,3,1,4,4,4,Diva
4,2,1,4,3,3,2,3,4,3,3,3,3,3,3,Diva
4,1,3,4,3,2,2,4,2,4,3,4,3,4,4,Diva
3,3,4,4,3,4,4,3,2,2,3,1,4,4,3,Diva
3,1,2,4,3,1,4,2,4,3,4,4,1,3,3,Diva
3,2,4,3,3,1,1,2,2,2,4,1,3,4,4,Diva
4,1,2,4,3,4,1,3,2,4,4,1,3,4,2,Diva
4,3,2,3,4,2,1,4,3,2,3,4,2,3,4,Diva
4,3,4,4,4,1,2,3,3,1,4,3,1,3,3,Diva
3,1,4,4,4,2,3,4,1,1,4,3,3,3,4,Diva
4,3,1,4,3,3,2,4,2,4,3,2,1,4,3,Diva
4,2,3,3,4,3,2,2,1,2,4,4,1,3,4,Diva
3,2,4,3,4,3,1,3,3,2,3,3,2,4,3,Diva
3,1,1,3,3,4,4,4,1,2,4,1,4,3,3,Diva
3,2,2,3,4,3,3,2,3,2,3,2,3,3,4,Diva
4,2,4,4,4,3,3,3,2,4,4,4,1,3,3,Diva
3,3,4,4,4,1,3,4,4,1,4,4,2,3,4,Diva
4,3,2,3,3,4,4,4,4,1,4,4,4,4,4,Diva
4,3,1,3,4,2,3,4,4,3,4,4,1,4,4,Diva
4,2,1,4,3,3,3,4,2,4,3,1,1,4,3,Diva
3,3,3,3,4,4,1,3,3,1,3,3,1,4,4,Diva
4,1,2,4,4,3,4,3,4,2,4,4,1,3,3,Diva
4,3,4,4,3,3,3,4,3,3,4,4,3,4,4,Diva
3,3,1,3,3,3,4,2,4,2,3,3,3,3,3,Diva
3,1,2,3,4,4,4,4,2,3,3,3,1,3,3,Diva
3,2,3,4,3,3,1,4,3,4,4,2,4,4,2,Diva
3,3,2,4,4,4,3,4,4,1,3,2,4,4,4,Diva
3,1,3,3,3,1,1,3,3,2,4,3,1,3,4,Diva
4,4,4,3,3,1,4,4,1,1,4,2,2,3,3,Diva
4,4,2,4,3,1,4,4,1,4,3,1,2,3,3,Diva
4,4,2,3,3,3,4,4,4,4,3,2,3,3,3,Diva
3,4,2,3,3,3,2,3,2,1,4,4,1,3,2,Diva
4,2,2,3,3,3,2,2,3,2,4,2,2,4,3,Diva
4,3,4,4,3,3,4,3,4,2,4,3,2,3,3,Diva
4,4,3,3,3,1,3,4,1,1,3,2,4,3,4,Diva
4,2,4,4,3,3,4,3,3,3,4,3,4,4,3,Diva
4,2,1,4,4,3,2,3,3,2,3,2,4,4,4,Diva
4,2,1,3,4,1,1,2,2,2,4,2,1,3,3,Diva
4,1,3,3,4,4,2,3,1,2,4,2,3,4,4,Diva
4,3,1,3,3,4,4,4,4,1,3,2,1,3,4,Diva
3,3,1,4,4,1,2,4,1,2,4,4,1,3,4,Diva
4,3,1,4,4,2,1,2,4,3,3,3,4,4,4,Diva
4,1,1,4,3,4,2,3,3,3,3,1,1,3,3,Diva
4,1,1,3,3,1,3,3,1,3,4,4,1,4,3,Diva
4,4,3,3,4,4,1,4,3,2,4,2,4,4,3,Diva
4,4,2,4,4,2,4,4,2,4,4,3,4,3,3,Diva
4,1,4,3,4,3,1,3,4,2,4,2,3,4,4,Diva
3,2,2,4,4,2,2,2,4,2,4,1,2,2,1,OA
3,2,2,2,4,1,2,1,3,3,4,2,3,2,3,OA
3,2,2,4,4,2,1,3,3,3,4,3,2,3,1,OA
4,3,3,2,4,1,1,2,4,2,4,3,2,2,1,OA
3,2,3,4,3,3,3,1,4,2,4,1,2,2,1,OA
4,2,3,2,4,2,3,2,4,3,3,1,1,3,2,OA
4,1,1,3,3,1,1,2,3,3,3,4,2,3,3,OA
4,2,2,4,4,2,2,2,4,2,3,4,3,2,4,OA
3,2,2,4,3,2,3,1,4,3,2,3,2,3,3,OA
3,1,2,4,3,3,2,1,3,3,3,2,2,2,4,OA
3,2,2,4,4,2,3,2,3,3,4,3,2,2,3,OA
4,2,2,4,4,3,2,2,3,1,4,2,1,2,1,OA
4,2,2,4,4,2,3,3,4,2,4,1,3,2,3,OA
4,3,2,4,4,2,1,1,3,2,4,2,1,3,2,OA
3,3,2,3,4,3,1,2,4,2,4,4,3,3,2,OA
4,3,2,2,4,2,2,2,3,3,3,1,1,2,1,OA
4,3,2,4,3,1,3,2,3,2,3,1,1,2,4,OA
4,2,2,3,3,3,3,3,2,2,4,3,2,2,1,OA
4,3,3,4,4,1,2,2,4,1,4,3,2,2,3,OA
4,2,1,4,4,1,2,1,3,3,3,3,2,2,2,OA
2,3,2,4,4,1,1,2,3,2,4,3,2,3,1,OA
4,2,1,4,4,3,3,3,3,2,4,1,2,2,3,OA
4,2,2,4,4,3,2,2,2,2,3,2,3,3,4,OA
3,2,3,4,4,2,2,1,4,3,4,2,3,2,1,OA
2,2,2,4,3,2,2,2,4,3,4,1,3,3,2,OA
2,1,2,4,4,1,2,1,4,2,3,3,3,2,1,OA
4,3,3,2,3,2,2,2,4,3,3,4,3,3,2,OA
3,2,2,4,3,2,3,2,4,2,3,1,3,3,4,OA
4,3,2,4,3,2,3,2,4,2,4,3,3,2,4,OA
3,2,1,3,4,2,3,3,3,3,2,4,2,1,4,OA
3,3,2,4,4,2,1,2,4,3,4,2,2,3,3,OA
4,2,2,4,3,2,2,2,3,3,4,3,1,2,3,OA
4,3,2,3,4,2,2,3,3,2,3,4,2,1,4,OA
2,2,3,4,4,1,2,2,3,2,4,3,3,2,3,OA
3,1,3,3,4,2,2,2,2,3,3,2,3,2,1,OA
3,2,2,3,3,3,2,2,2,2,4,3,2,2,2,OA
3,1,2,4,4,2,3,1,3,2,4,3,2,2,3,OA
4,2,3,4,4,3,2,2,4,3,4,3,2,2,3,OA
3,2,2,4,4,3,2,2,4,2,3,3,3,2,2,OA
4,2,2,3,4,3,2,3,4,3,4,4,2,3,4,OA
3,2,2,4,4,2,2,3,2,1,2,4,2,2,1,OA
4,3,2,4,4,2,3,2,3,3,4,4,2,2,2,OA
3,2,2,3,2,2,2,3,4,2,4,4,1,1,4,OA
4,1,3,3,4,2,3,3,3,2,3,1,2,2,2,OA
3,2,1,3,3,2,2,2,3,1,4,2,3,1,2,OA
2,2,1,4,4,2,2,2,3,2,4,4,1,2,4,OA
3,2,3,3,2,2,2,1,4,1,2,1,2,2,2,OA
4,1,2,4,3,2,2,3,3,2,4,3,2,3,3,OA
4,3,2,4,4,2,1,1,3,1,2,2,1,2,4,OA
4,2,2,4,3,1,3,3,4,2,4,1,3,2,4,OA
3,3,1,3,3,3,2,2,4,2,2,2,3,1,2,OA
3,1,1,3,3,2,2,3,3,2,3,4,2,2,3,OA
4,3,2,3,4,1,3,3,3,2,4,4,2,2,4,OA
4,3,2,4,4,2,3,3,3,2,4,1,2,2,1,OA
3,3,2,4,4,2,1,1,4,3,3,1,2,2,4,OA
3,2,3,4,2,3,2,1,3,3,3,4,3,3,1,OA
4,2,2,2,4,3,3,2,4,2,4,1,1,2,1,OA
4,2,2,4,4,2,2,2,4,2,3,3,2,2,2,OA
3,2,1,4,3,3,2,1,2,2,4,4,2,2,1,OA
4,3,2,3,4,2,3,3,4,2,4,4,3,2,4,OA
4,2,2,3,3,3,2,2,4,2,4,3,1,3,4,OA
3,3,2,4,4,2,2,2,2,2,3,3,2,1,2,OA
4,3,2,3,4,1,1,3,4,3,3,2,3,3,4,OA
4,2,3,3,4,1,1,2,3,2,4,4,2,1,1,OA
3,2,3,4,4,1,2,3,3,3,2,1,2,3,1,OA
4,2,2,3,3,2,2,2,4,2,4,4,2,2,2,OA
4,2,3,4,4,2,2,1,4,2,3,1,1,2,4,OA
4,2,3,2,4,2,2,1,2,1,4,1,3,1,1,OA
4,3,1,2,3,2,2,2,4,2,3,1,2,3,2,OA
3,1,2,4,4,2,2,2,4,2,2,4,2,2,1,OA
3,1,2,3,3,2,3,2,3,2,4,4,3,3,4,OA
3,2,2,4,3,3,2,2,2,2,4,1,3,1,4,OA
4,2,2,3,4,2,2,2,3,2,4,3,2,2,2,OA
3,2,1,4,4,2,2,2,3,2,3,4,2,2,3,OA
4,2,1,3,3,2,2,1,4,2,2,2,2,2,3,OA
4,1,2,4,3,2,2,3,4,2,4,1,2,2,4,OA
3,2,2,4,4,1,1,2,3,2,4,1,3,1,3,OA
3,1,2,4,4,2,2,2,4,2,2,2,2,3,1,OA
3,2,3,4,3,2,3,3,4,2,2,3,2,1,4,OA
4,2,2,3,3,3,2,2,4,2,4,4,3,2,1,OA
4,2,3,4,4,2,1,2,4,2,4,2,2,3,1,OA
4,2,2,2,3,3,3,2,4,2,4,1,2,2,1,OA
4,1,2,4,3,2,2,2,4,1,3,2,2,2,4,OA
4,1,2,3,2,3,2,2,4,3,3,3,3,2,3,OA
2,2,3,3,2,2,2,1,3,2,4,2,1,3,3,OA
4,2,1,2,3,1,2,2,4,2,3,3,2,2,3,OA
3,2,3,4,3,3,3,2,4,2,3,1,1,2,2,OA
4,2,2,4,3,2,3,3,4,3,2,3,2,2,1,OA
4,2,2,4,4,3,2,2,4,3,3,3,2,3,3,OA
3,2,2,4,3,3,3,3,4,2,4,3,2,2,3,OA
2,1,2,4,4,3,2,2,4,2,4,4,2,2,1,OA
4,2,2,3,4,3,3,3,4,1,3,4,2,1,3,OA
4,3,2,4,4,2,2,3,4,3,3,3,2,1,1,OA
4,2,2,4,3,3,2,3,2,2,2,4,2,2,3,OA
4,2,3,4,2,2,2,2,4,2,4,2,2,3,4,OA
3,3,2,4,3,3,3,2,4,2,4,2,3,2,2,OA
4,1,2,4,4,2,2,2,4,3,4,3,2,3,4,OA
4,2,2,2,2,3,2,2,3,3,4,3,2,1,4,OA
4,1,3,4,4,2,2,3,2,3,2,1,2,2,1,OA
3,3,2,4,3,2,3,3,4,2,3,4,2,3,3,OA
4,2,1,4,3,3,2,2,3,1,4,3,2,3,4,OA
3,2,2,4,4,2,2,3,4,2,4,2,2,2,3,OA
4,3,3,4,3,3,2,2,3,2,4,3,2,3,2,OA
4,3,2,4,4,2,2,2,4,2,4,2,2,1,4,OA
4,2,2,3,3,1,2,2,4,2,2,3,2,2,2,OA
4,2,3,4,4,2,2,2,4,3,4,4,2,2,2,OA
4,3,2,4,4,2,2,2,4,2,4,1,2,3,4,OA
2,2,3,4,4,2,1,2,3,3,4,1,2,1,4,OA
4,2,3,4,4,2,2,2,4,2,2,3,2,1,1,OA
4,2,2,4,4,3,2,1,2,3,4,1,3,1,1,OA
4,2,3,3,4,2,2,2,3,2,3,4,1,2,4,OA
3,2,2,2,4,1,2,3,4,2,2,1,3,2,4,OA
4,2,2,4,3,2,2,2,4,2,2,2,1,1,2,OA
4,2,1,4,2,3,2,1,2,1,4,1,2,1,3,OA
4,2,2,4,3,3,3,2,4,2,4,2,3,1,3,OA
4,3,3,4,4,3,3,2,4,3,4,3,3,2,4,OA
3,2,1,3,4,2,2,2,4,1,4,3,2,1,4,OA
3,2,1,2,3,1,1,2,4,3,4,1,2,2,4,OA
4,3,2,4,4,2,3,3,3,2,4,1,3,2,2,OA
4,2,2,3,3,1,1,1,4,1,4,1,1,1,1,OA
4,3,2,4,4,2,3,2,4,3,4,4,2,3,1,OA
4,3,2,4,4,2,1,3,4,2,4,4,2,2,2,OA
3,2,3,4,2,2,1,2,4,3,4,2,2,1,4,OA
4,2,1,4,3,2,2,1,4,2,4,3,2,2,4,OA
3,2,2,3,4,2,3,2,4,2,2,1,2,2,2,OA
2,2,2,4,2,2,2,3,4,3,3,2,2,2,2,OA
4,2,2,3,4,2,2,3,4,3,4,2,3,3,4,OA
4,2,1,4,4,3,3,3,3,2,2,1,2,3,2,OA
3,2,2,4,4,1,3,2,3,2,3,3,2,3,1,OA
4,2,2,4,2,2,2,2,4,2,4,1,3,1,3,OA
4,2,2,4,3,1,2,2,2,2,3,3,2,2,1,OA
3,2,1,3,2,1,1,3,4,2,4,3,2,1,4,OA
4,2,2,2,4,2,2,2,3,1,3,1,2,2,1,OA
3,2,2,4,3,2,2,1,4,2,4,2,2,2,4,OA
4,1,2,2,3,3,2,2,4,2,3,4,3,2,2,OA
3,2,2,2,4,2,2,3,4,1,3,4,2,2,1,OA
4,2,2,2,3,1,3,2,3,2,4,3,2,3,1,OA
4,2,2,4,4,2,2,1,3,2,2,4,2,3,2,OA
2,2,2,4,4,1,2,2,4,1,4,1,1,3,1,OA
4,2,2,4,4,1,2,2,3,1,2,3,2,2,2,OA
3,1,2,3,4,1,3,2,4,1,3,4,2,3,1,OA
4,2,2,3,3,1,2,2,4,2,4,1,2,3,2,OA
4,1,3,4,3,2,3,2,4,3,4,4,2,2,2,OA
4,2,3,2,4,2,1,1,4,2,4,1,2,3,1,OA
4,3,2,4,4,2,3,3,4,2,4,4,2,2,2,OA
2,2,2,3,4,3,3,2,2,2,3,1,2,2,1,OA
2,2,1,4,4,2,2,2,4,2,3,3,1,2,3,OA
3,2,3,4,4,2,2,3,3,3,4,1,1,2,3,OA
3,1,2,4,4,1,2,1,2,2,4,3,2,2,3,OA
3,2,3,4,4,2,2,3,4,2,3,3,2,2,4,OA
2,3,2,3,4,2,3,2,4,2,3,1,2,2,4,OA
4,3,2,4,4,2,2,2,4,1,4,3,1,1,1,OA
3,3,3,4,3,2,3,1,4,2,4,2,3,2,4,OA
4,3,1,4,4,2,2,2,4,2,4,4,2,2,2,OA
4,2,2,3,3,2,2,2,4,3,4,2,2,1,2,OA
4,2,2,3,3,1,2,2,2,2,4,2,1,2,2,OA
4,2,1,4,4,2,2,1,4,2,4,2,3,2,3,OA
4,3,2,4,3,1,3,2,4,3,2,4,2,2,2,OA
2,2,2,2,4,1,1,3,3,2,4,3,3,3,2,OA
3,3,2,4,3,1,2,3,3,3,4,4,2,2,4,OA
3,2,3,4,3,2,2,2,4,3,3,3,3,2,1,OA
3,2,3,3,4,3,1,2,4,2,3,1,3,2,4,OA
4,2,2,2,4,2,2,3,4,2,3,1,2,3,1,OA
4,2,2,4,4,1,2,2,3,2,4,4,2,2,3,OA
3,2,2,4,4,1,3,2,4,1,4,3,2,2,3,OA
4,2,2,4,4,1,1,3,3,2,4,4,2,2,3,OA
4,2,3,4,3,2,3,3,4,2,2,3,2,2,2,OA
4,2,2,4,4,2,2,3,2,1,2,2,3,3,1,OA
4,2,2,2,4,1,2,2,4,2,3,3,2,2,4,OA
4,2,2,4,2,2,2,2,4,2,4,2,2,2,2,OA
3,2,3,4,4,3,2,3,4,3,4,1,2,2,3,OA
4,2,2,4,4,2,3,1,4,2,4,1,3,3,2,OA
4,3,2,4,4,2,2,1,3,1,4,1,3,1,1,OA
4,2,2,4,4,1,1,3,4,2,4,4,2,2,2,OA
4,3,2,2,4,2,3,3,4,3,4,1,2,1,1,OA
4,3,2,3,3,2,2,3,4,3,2,2,3,1,3,OA
4,2,3,4,3,1,3,2,4,2,4,3,2,3,3,OA
2,1,1,4,4,2,2,2,4,2,4,2,1,2,2,OA
2,2,2,4,4,1,2,2,4,2,4,4,2,2,1,OA
4,3,2,4,4,1,2,2,3,1,4,2,2,2,2,OA
3,2,2,4,4,2,2,2,4,2,4,4,3,3,1,OA
3,2,3,4,4,1,2,1,4,2,4,4,1,2,4,OA
3,3,2,3,4,2,2,2,4,1,4,3,2,2,4,OA
4,2,2,3,2,3,2,2,4,2,4,2,1,3,4,OA
2,2,2,4,2,2,2,2,4,2,4,2,2,2,1,OA
2,2,1,4,4,2,2,2,4,2,4,1,3,3,1,OA
3,3,3,2,3,3,2,1,4,2,4,2,2,2,1,OA
4,3,2,2,4,3,1,2,4,2,2,2,1,2,3,OA
4,3,2,4,4,2,1,2,4,2,4,1,2,2,2,OA
4,2,3,3,4,3,2,3,3,2,4,3,3,2,3,OA
3,3,2,4,4,2,2,3,2,2,3,1,2,3,2,OA
2,2,3,4,4,2,1,2,4,1,4,4,3,2,3,OA
3,2,3,4,4,3,2,3,3,2,3,1,2,1,3,OA
4,2,3,4,4,2,2,3,3,2,3,1,2,3,3,OA
3,2,2,2,3,2,3,3,4,3,3,2,3,1,1,OA
3,2,1,4,4,2,2,3,4,2,4,4,1,2,1,OA
4,3,3,4,4,2,3,1,2,1,2,4,2,2,2,OA
4,3,2,4,3,2,2,2,4,3,3,1,2,2,4,OA
4,2,3,4,4,1,2,3,4,2,4,1,3,2,3,OA
3,2,2,3,3,2,2,2,4,1,4,4,1,1,1,OA
4,1,3,3,3,2,3,2,4,4,4,4,1,1,4,OA
4,3,1,4,4,3,4,1,3,2,4,4,3,4,3,OA
4,3,1,3,3,3,1,2,4,2,4,1,4,4,2,OA
4,4,4,4,4,2,3,1,4,2,4,1,2,4,3,OA
4,4,2,3,4,2,3,1,4,3,3,4,3,2,2,OA
4,4,3,4,4,3,4,1,4,1,4,2,2,4,1,OA
4,2,3,3,4,2,3,2,3,4,3,3,3,3,1,OA
4,3,3,4,3,1,2,2,4,4,4,3,2,2,3,OA
4,2,4,4,4,2,2,2,3,3,3,4,4,2,3,OA
4,4,4,4,4,1,4,3,3,4,4,3,2,4,1,OA
3,1,4,4,4,2,4,4,3,4,4,2,3,2,1,OA
4,3,2,3,4,1,1,2,3,1,4,1,4,1,2,OA
4,1,1,3,3,3,3,2,4,2,4,2,1,2,1,OA
3,2,1,3,4,4,3,2,4,3,3,2,3,1,4,OA
3,1,2,3,3,1,3,3,4,4,3,1,2,4,1,OA
3,3,4,4,4,1,2,3,3,3,3,2,2,3,1,OA
4,1,4,3,4,2,1,1,3,1,3,3,3,3,4,OA
3,1,3,3,3,4,3,1,3,2,3,1,3,1,4,OA
3,4,2,3,3,4,2,3,3,4,4,1,1,3,4,OA
3,3,3,3,3,1,3,2,4,3,3,2,3,4,3,OA
3,3,1,4,4,1,2,2,4,4,3,1,3,1,2,OA
3,1,1,3,3,2,3,3,3,4,3,1,4,3,2,OA
3,4,3,3,4,3,2,4,3,4,3,2,1,2,3,OA
3,1,3,3,3,1,4,4,3,1,4,3,2,1,1,OA
4,1,1,4,3,4,2,1,4,1,4,2,1,2,3,OA
4,2,3,3,4,2,1,2,3,4,3,1,1,1,4,OA
4,4,4,3,3,4,3,2,3,3,3,2,3,1,3,OA
3,2,4,4,3,2,2,3,3,1,3,2,2,4,2,OA
3,4,1,4,4,2,3,2,3,1,4,3,2,1,3,OA
4,2,4,3,3,2,3,2,4,4,3,1,2,2,4,OA
4,3,1,4,3,3,2,1,3,4,3,4,2,2,4,OA
3,2,4,4,4,3,4,1,3,2,3,3,1,1,2,OA
3,2,1,4,4,4,1,4,4,4,4,2,1,3,1,OA
3,4,4,4,3,3,1,4,4,3,3,3,1,1,4,OA
4,4,3,3,4,2,3,4,3,2,3,1,3,4,1,OA
4,4,2,3,3,4,4,2,3,3,3,2,1,2,1,OA
4,1,4,3,4,3,3,1,3,4,3,1,3,4,1,OA
4,3,3,4,3,4,4,4,3,2,4,3,2,4,3,OA
3,3,3,4,3,4,1,2,4,3,4,3,3,4,1,OA
3,1,3,4,4,1,2,2,4,1,4,1,4,1,1,OA
3,3,4,3,3,4,3,3,3,3,3,3,1,4,4,OA
3,1,4,4,4,1,2,3,4,3,3,1,3,4,3,OA
4,3,1,4,3,3,3,3,3,3,4,3,2,2,3,OA
3,4,4,4,3,3,2,4,4,3,3,2,3,1,3,OA
4,3,4,4,4,3,3,4,3,4,3,2,4,2,2,OA
3,4,4,3,3,2,1,4,4,2,3,2,1,4,4,OA
3,4,4,4,4,1,1,2,3,1,3,4,1,1,3,OA
3,1,1,3,3,4,3,4,3,3,3,1,2,2,2,OA
4,3,1,4,3,1,1,1,3,1,3,3,4,4,4,OA
4,3,2,4,3,1,3,1,3,4,4,2,3,2,4,OA
4,1,3,4,4,2,1,2,3,2,4,3,3,2,1,Wildcard
4,3,3,1,2,2,2,2,1,4,4,1,2,4,3,Wildcard
3,2,3,4,4,1,2,2,2,2,4,1,4,3,3,Wildcard
2,1,3,4,3,4,2,1,2,4,4,2,3,4,2,Wildcard
4,1,3,3,4,1,3,3,2,1,4,3,1,4,1,Wildcard
3,4,1,3,2,3,1,2,1,1,2,4,3,4,4,Wildcard
4,3,2,1,2,4,2,4,2,1,3,2,2,3,1,Wildcard
4,3,4,4,3,1,2,3,2,3,4,4,4,4,3,Wildcard
2,4,2,3,3,3,1,4,1,2,3,3,3,4,2,Wildcard
2,1,1,4,2,4,1,4,3,1,4,3,2,2,3,Wildcard
3,4,2,4,3,1,2,1,2,3,4,4,1,4,1,Wildcard
3,3,2,3,4,4,1,2,2,2,4,3,1,4,3,Wildcard
2,2,2,1,4,4,1,4,3,4,4,4,3,3,4,Wildcard
4,2,1,3,3,2,3,2,3,3,4,2,1,4,2,Wildcard
4,1,1,4,3,4,1,4,2,4,4,4,1,2,1,Wildcard
3,1,3,4,4,2,2,4,2,1,4,3,3,2,4,Wildcard
3,4,3,1,3,2,2,1,3,2,4,3,1,4,2,Wildcard
2,2,1,4,4,3,4,1,2,3,4,3,1,4,1,Wildcard
2,1,4,3,3,4,4,2,1,3,4,2,3,4,3,Wildcard
1,2,2,2,4,3,2,3,2,3,3,1,1,3,1,Wildcard
3,2,3,1,4,1,2,3,4,1,3,4,3,2,2,Wildcard
4,2,2,4,2,4,4,4,4,4,3,3,2,4,3,Wildcard
3,3,1,1,4,4,1,1,4,3,4,2,3,4,1,Wildcard
3,4,1,2,2,4,3,4,2,2,4,3,1,4,4,Wildcard
2,4,1,2,3,2,3,2,4,2,4,1,4,4,3,Wildcard
4,4,1,3,4,3,2,4,1,4,3,1,4,3,4,Wildcard
4,2,3,1,4,4,4,3,3,3,2,4,4,3,2,Wildcard
4,2,1,2,3,2,4,3,4,1,3,1,2,4,3,Wildcard
4,3,2,1,4,2,4,1,4,1,4,3,1,3,1,Wildcard
1,4,4,2,2,4,2,2,3,4,4,2,3,4,3,Wildcard
1,4,2,3,4,2,2,1,3,4,4,2,1,3,3,Wildcard
2,1,2,3,3,4,4,1,4,3,2,3,2,4,4,Wildcard
1,2,3,1,2,1,1,4,4,3,2,4,2,3,2,Wildcard
2,4,2,4,4,3,4,3,4,1,4,1,1,4,3,Wildcard
1,3,3,3,4,3,3,1,4,3,4,2,2,4,4,Wildcard
1,1,4,4,4,2,3,4,2,2,4,3,4,4,2,Wildcard
1,2,3,2,4,2,1,3,1,2,4,3,1,3,3,Wildcard
4,3,2,1,4,4,2,4,3,2,3,1,4,4,3,Wildcard
4,1,2,1,4,3,2,2,3,1,4,3,1,4,3,Wildcard
3,3,3,1,3,2,1,3,3,4,2,1,3,4,3,Wildcard
4,4,2,1,4,3,3,2,4,4,4,1,1,4,4,Wildcard
4,4,4,4,3,1,2,3,2,3,3,1,3,4,1,Wildcard
1,1,1,2,3,2,2,4,4,1,4,3,3,4,4,Wildcard
1,3,4,3,3,2,4,3,3,4,3,2,1,3,4,Wildcard
3,4,4,4,3,4,4,4,2,2,4,3,1,3,2,Wildcard
2,2,4,4,3,4,4,1,1,4,4,2,4,3,3,Wildcard
3,2,1,4,4,1,4,4,4,3,4,2,4,3,1,Wildcard
3,4,3,2,4,2,1,4,1,2,4,2,4,4,4,Wildcard
1,2,1,1,2,1,2,2,1,2,4,4,4,3,2,Wildcard
3,3,4,4,3,1,2,2,2,2,3,1,2,4,1,Wildcard
1,1,1,1,3,2,1,3,2,4,4,2,1,4,4,Wildcard
2,4,3,4,4,4,3,4,1,3,2,2,3,4,3,Wildcard
1,1,1,1,4,3,4,3,1,2,3,2,1,4,2,Wildcard
4,3,3,3,4,2,4,1,2,1,4,1,3,4,2,Wildcard
1,4,3,2,2,1,2,1,4,2,3,2,3,4,2,Wildcard
2,3,4,4,2,4,4,3,3,2,4,3,4,4,2,Wildcard
1,4,3,2,4,4,4,2,2,1,4,3,2,4,1,Wildcard
1,1,4,3,4,1,4,3,2,1,4,3,2,4,1,Wildcard
4,2,4,3,3,2,3,1,3,4,4,3,3,3,4,Wildcard
1,3,3,1,3,3,1,3,1,2,4,2,3,3,4,Wildcard
4,3,2,1,2,1,2,4,3,2,4,4,2,3,2,Wildcard
3,3,2,3,4,1,3,4,3,1,4,4,3,4,4,Wildcard
3,1,2,2,3,4,4,3,2,4,4,2,2,4,2,Wildcard
2,1,2,3,4,3,3,2,2,3,4,4,1,4,3,Wildcard
2,1,2,1,4,4,2,2,4,1,4,1,1,4,4,Wildcard
2,4,1,3,4,4,1,4,4,3,4,1,3,4,3,Wildcard
3,2,2,3,4,3,3,3,4,3,4,1,4,4,1,Wildcard
2,1,2,3,4,3,4,4,4,1,4,3,2,4,1,Wildcard
3,1,1,2,4,2,3,2,3,3,2,4,1,4,3,Wildcard
1,2,1,3,4,3,4,2,4,1,3,3,1,4,4,Wildcard
3,3,4,2,4,1,4,2,3,4,4,4,1,3,2,Wildcard
4,1,4,2,4,1,4,4,1,1,4,1,3,4,3,Wildcard
3,1,1,3,4,2,3,1,4,4,4,3,3,3,1,Wildcard
3,2,2,2,4,2,4,2,1,1,3,4,4,3,2,Wildcard
3,2,3,3,2,2,2,1,2,1,4,2,4,4,1,Wildcard
3,4,2,1,4,3,2,3,3,3,3,2,4,3,2,Wildcard
3,1,1,3,2,1,2,2,4,2,2,1,1,4,2,Wildcard
4,3,1,2,4,3,1,1,4,2,4,1,1,4,1,Wildcard
1,3,1,2,4,3,2,3,4,4,4,2,3,4,3,Wildcard
4,2,2,1,4,2,1,2,3,3,3,2,3,4,4,Wildcard
4,4,2,2,4,1,2,4,2,4,3,2,3,4,1,Wildcard
1,4,4,2,3,2,2,3,4,3,2,4,4,4,4,Wildcard
3,1,4,3,3,3,1,1,3,3,3,3,3,4,2,Wildcard
2,2,2,1,2,1,3,4,2,4,3,1,4,4,2,Wildcard
1,2,2,4,3,3,1,2,1,2,3,1,3,4,4,Wildcard
2,2,3,1,3,2,3,3,2,2,3,4,4,4,1,Wildcard
4,3,1,4,3,4,1,2,3,1,3,1,3,3,1,Wildcard
2,1,4,1,2,1,4,4,2,3,4,2,3,3,1,Wildcard
1,4,1,2,3,4,2,1,4,4,2,1,4,4,4,Wildcard
1,1,3,1,4,2,1,1,4,4,3,4,3,3,4,Wildcard
4,2,2,3,4,3,2,2,4,2,3,1,4,4,2,Wildcard
4,2,1,3,3,4,3,3,2,4,4,1,1,4,4,Wildcard
3,3,1,3,3,2,3,2,1,2,2,3,2,3,1,Wildcard
3,4,3,3,3,4,2,2,3,4,3,3,4,3,2,Wildcard
4,2,4,2,4,1,4,2,4,4,4,2,4,3,4,Wildcard
2,2,2,1,4,2,2,1,3,4,3,2,1,4,4,Wildcard
3,3,3,3,3,2,3,2,1,1,4,1,1,4,4,Wildcard
4,4,1,1,3,1,1,4,2,4,2,4,1,4,3,Wildcard
4,1,4,4,4,1,1,4,1,3,3,2,4,4,3,Wildcard
2,1,1,3,3,3,4,4,2,3,4,2,3,3,4,Wildcard
3,1,3,2,4,4,2,4,1,3,4,3,2,4,1,Wildcard
4,3,4,3,3,1,4,4,4,2,4,2,3,4,3,Wildcard
3,1,3,3,4,2,1,1,4,3,4,4,3,3,3,Wildcard
1,3,3,3,4,3,4,4,3,4,4,2,2,3,3,Wildcard
2,4,1,1,4,4,3,2,4,4,3,2,3,4,4,Wildcard
2,1,3,1,4,1,2,3,3,2,4,1,2,4,4,Wildcard
3,4,2,3,3,3,2,2,4,3,4,3,1,3,1,Wildcard
3,4,4,1,3,3,3,1,4,3,4,1,1,4,3,Wildcard
1,4,4,4,4,1,2,4,3,3,3,3,3,3,1,Wildcard
2,1,1,2,3,1,4,4,3,4,2,2,2,4,1,Wildcard
1,2,3,3,4,3,2,3,1,3,4,4,3,4,3,Wildcard
1,4,4,4,3,4,1,2,3,2,3,1,2,4,3,Wildcard
3,2,4,4,2,2,3,3,3,3,4,2,2,4,1,Wildcard
1,1,3,3,4,2,1,4,3,4,3,4,2,4,2,Wildcard
2,1,4,2,3,2,3,4,4,3,4,2,2,3,2,Wildcard
3,4,1,3,4,4,2,3,4,3,3,2,1,4,3,Wildcard
1,2,4,3,4,4,2,1,4,4,4,3,2,3,2,Wildcard
1,2,1,3,4,3,1,1,4,2,4,4,3,4,4,Wildcard
4,2,3,4,4,1,1,2,3,2,4,3,1,3,3,Wildcard
4,1,2,1,4,4,1,4,3,4,4,2,1,4,1,Wildcard
2,1,4,1,4,1,3,4,1,4,2,2,2,4,1,Wildcard
2,2,3,1,4,1,2,3,4,3,2,1,3,2,3,Wildcard
4,4,2,1,2,2,2,2,3,1,4,1,4,4,1,Wildcard
4,4,2,1,3,4,4,4,1,3,4,1,2,4,4,Wildcard
2,1,1,2,4,2,2,1,2,4,2,3,2,3,3,Wildcard
3,4,2,1,4,2,1,1,2,3,4,2,4,3,3,Wildcard
2,4,3,2,2,4,1,1,3,3,4,2,1,3,1,Wildcard
1,2,2,1,4,4,1,2,2,2,3,1,4,3,2,Wildcard
3,3,2,3,3,2,1,1,2,1,3,1,2,3,2,Wildcard
4,3,3,3,4,2,4,3,2,3,4,2,3,4,4,Wildcard
3,3,2,2,4,1,3,2,3,2,3,4,2,4,3,Wildcard
1,2,3,4,3,1,3,3,3,2,2,1,2,4,4,Wildcard
3,2,2,1,4,1,3,4,2,4,4,1,3,4,2,Wildcard
1,2,3,3,4,1,4,2,3,1,4,4,4,4,1,Wildcard
1,1,3,1,2,2,2,4,3,3,2,3,3,3,2,Wildcard
2,3,3,3,3,3,4,2,2,1,4,2,3,4,4,Wildcard
3,3,3,1,4,4,1,1,1,2,4,2,1,3,1,Wildcard
3,3,3,1,4,3,4,3,3,2,3,2,1,3,4,Wildcard
1,1,2,2,4,1,4,4,4,4,4,2,1,4,4,Wildcard
4,2,2,4,3,2,1,1,4,4,3,4,3,4,4,Wildcard
4,1,2,2,4,1,3,4,2,4,4,4,3,4,4,Wildcard
4,4,1,4,4,1,1,4,4,1,4,2,2,4,3,Wildcard
2,3,3,4,4,1,1,3,4,3,2,1,4,4,4,Wildcard
4,4,2,1,3,4,4,3,3,2,3,2,1,4,3,Wildcard
3,2,3,2,4,2,4,4,2,1,4,1,3,4,1,Wildcard
3,2,4,2,4,3,2,3,1,3,2,4,1,2,3,Wildcard
4,1,1,3,4,2,4,2,1,2,3,3,4,3,2,Wildcard
3,3,2,2,3,4,2,1,1,4,4,2,3,4,1,Wildcard
2,1,1,3,4,3,2,1,1,4,4,2,2,3,1,Wildcard
2,1,4,2,3,2,2,4,1,4,4,2,3,3,2,Wildcard
4,1,2,3,4,3,3,2,3,2,2,1,1,3,2,Wildcard
3,3,1,1,4,3,2,3,4,3,4,4,4,4,1,Wildcard
3,4,3,3,2,2,4,1,4,1,3,3,4,3,2,Wildcard
4,2,2,4,3,2,4,4,2,2,4,1,4,4,3,Wildcard
4,2,2,1,4,4,1,1,3,2,4,3,2,3,1,Wildcard
2,4,1,3,3,3,2,1,2,1,4,1,2,3,3,Wildcard
4,1,2,3,4,2,1,3,4,4,4,2,4,3,3,Wildcard
2,1,3,2,4,4,2,2,4,4,4,2,1,3,2,Wildcard
4,4,1,3,3,1,2,1,4,1,2,4,3,4,3,Wildcard
2,4,3,4,3,4,1,2,3,4,4,4,2,4,1,Wildcard
1,2,1,4,4,1,4,4,2,2,3,2,2,4,2,Wildcard
1,1,2,3,4,3,1,4,3,1,2,1,1,4,1,Wildcard
4,4,2,1,4,3,2,2,2,3,3,3,2,3,2,Wildcard
2,1,4,3,2,4,3,3,3,4,4,4,3,4,3,Wildcard
4,2,4,3,4,1,4,4,4,2,4,1,4,4,1,Wildcard
4,3,1,4,4,4,3,4,3,2,3,1,1,2,4,Wildcard
4,4,1,2,4,4,1,1,2,3,4,3,2,4,1,Wildcard
2,4,1,1,4,2,1,1,3,3,2,3,3,4,4,Wildcard
2,2,1,4,4,2,4,3,1,2,4,4,2,4,1,Wildcard
3,3,3,3,3,1,4,4,4,1,3,4,2,3,4,Wildcard
1,2,3,3,4,4,2,3,3,3,4,3,4,4,3,Wildcard
3,1,2,4,3,4,4,2,3,3,3,4,3,3,4,Wildcard
1,4,2,1,3,1,1,2,2,4,4,1,4,2,3,Wildcard
4,3,2,2,4,2,1,4,4,3,4,2,3,2,1,Wildcard
3,2,1,4,4,1,3,1,3,3,3,2,4,4,1,Wildcard
4,3,2,3,2,3,1,3,3,4,4,4,2,2,3,Wildcard
2,3,1,2,3,2,2,4,3,1,4,1,3,4,2,Wildcard
3,1,1,3,4,1,1,2,2,4,3,2,2,4,1,Wildcard
2,2,1,1,4,1,4,2,3,2,4,1,2,4,3,Wildcard
3,2,2,4,3,1,3,3,1,3,4,3,1,4,2,Wildcard
3,2,4,1,3,4,4,4,2,2,2,3,2,3,2,Wildcard
2,1,2,3,4,4,1,1,3,3,3,2,2,4,3,Wildcard
4,1,4,4,4,3,1,2,2,1,4,3,2,4,2,Wildcard
3,4,3,2,4,1,4,3,2,3,4,4,2,4,1,Wildcard
2,4,3,1,4,1,2,1,4,3,4,4,3,4,4,Wildcard
1,3,1,2,4,1,1,4,3,3,4,4,4,3,2,Wildcard
1,3,1,4,4,4,2,3,1,3,3,3,3,4,3,Wildcard
3,2,4,1,4,4,3,4,3,4,4,2,1,4,1,Wildcard
2,2,2,3,3,2,3,4,1,1,2,4,3,3,4,Wildcard
2,1,2,2,3,4,1,4,4,4,4,3,3,3,2,Wildcard
4,3,4,1,4,4,3,1,3,2,4,3,3,4,2,Wildcard
1,1,3,2,2,4,2,2,2,2,3,3,2,4,4,Wildcard
4,4,3,4,4,3,1,1,1,4,3,2,1,4,4,Wildcard
3,2,4,4,4,1,3,2,3,4,2,2,2,4,4,Wildcard
1,1,2,2,4,2,3,4,2,3,2,3,1,2,4,Wildcard
4,3,1,3,4,1,1,3,4,1,4,4,4,2,2,Wildcard
2,4,3,2,4,1,1,3,2,4,4,3,1,3,2,Wildcard
4,3,2,3,4,3,1,1,4,3,3,4,2,4,2,Wildcard
1,3,2,2,3,1,3,2,3,3,4,1,4,2,2,Wildcard
3,1,3,4,4,1,3,1,4,4,4,4,4,3,2,Wildcard
3,2,1,1,4,1,4,2,1,1,4,3,2,3,3,Wildcard
1,2,1,3,4,3,4,1,1,1,4,2,2,3,3,Wildcard
3,3,2,1,3,4,4,3,4,4,3,2,1,4,1,Wildcard
4,4,2,4,4,1,2,4,4,1,3,4,1,3,3,Wildcard
3,1,4,2,4,3,4,2,1,1,4,4,4,3,1,Wildcard
3,3,1,2,3,4,2,1,4,4,4,1,4,3,3,Wildcard
1,4,4,1,4,1,3,2,4,3,4,1,2,4,3,Wildcard
1,1,2,1,4,3,3,3,1,1,3,4,2,3,1,Wildcard
1,4,2,4,3,3,1,4,1,1,4,4,2,4,1,Wildcard
2,2,2,1,3,3,4,4,2,3,4,3,3,4,2,Wildcard
3,2,2,2,3,3,2,2,3,1,3,4,4,3,4,Wildcard
4,2,1,1,4,3,2,3,3,2,3,3,2,3,3,Wildcard
4,2,3,1,3,4,4,3,1,1,3,2,4,4,3,Wildcard
4,2,1,2,4,1,4,1,4,3,4,2,2,3,1,Wildcard
1,2,3,1,3,4,3,1,3,2,4,1,2,3,4,Wildcard
2,3,3,3,4,2,4,1,1,3,3,2,2,4,3,Wildcard
3,3,1,3,3,4,1,3,2,3,3,1,2,4,1,Wildcard
1,2,4,1,3,1,4,3,1,1,4,1,2,4,1,Wildcard
4,4,4,4,4,1,4,1,1,1,3,1,3,4,3,Wildcard
4,4,4,1,3,2,2,2,4,3,3,3,3,3,2,Wildcard
4,1,3,2,3,2,4,2,2,2,4,3,2,3,2,Wildcard
3,1,3,1,4,4,3,3,2,2,4,3,1,4,3,Wildcard
3,2,3,3,4,2,1,3,2,2,4,3,3,4,3,Wildcard
3,3,4,1,3,1,3,2,2,3,3,1,1,4,4,Wildcard
4,2,3,4,4,3,2,4,1,4,3,1,2,3,2,Wildcard
2,4,3,1,4,4,2,1,3,3,4,1,2,3,4,Wildcard
1,3,1,3,4,2,4,4,3,1,4,4,2,4,3,Wildcard
1,2,4,2,4,1,3,2,2,2,3,3,1,4,4,Wildcard
4,4,2,2,4,1,2,1,2,2,3,1,2,4,2,Wildcard
1,3,1,2,4,4,4,2,2,4,3,2,3,3,3,Wildcard
4,4,2,1,3,2,4,2,1,2,3,1,1,4,4,Wildcard
4,3,1,4,4,4,4,3,1,4,4,3,4,4,1,Wildcard
2,1,1,1,4,4,2,3,4,3,4,2,4,4,3,Wildcard
4,2,4,4,3,3,4,3,3,3,3,2,1,3,4,Wildcard
4,3,1,2,3,1,1,2,4,4,3,1,3,4,3,Wildcard
4,3,1,2,3,4,1,2,3,2,3,2,2,3,3,Wildcard
1,3,4,3,3,4,2,1,1,1,4,3,3,4,2,Wildcard
1,3,2,4,4,1,3,3,1,3,4,4,4,4,2,Wildcard
1,4,1,3,3,4,2,2,3,4,4,1,3,4,3,Wildcard
1,2,4,3,3,2,3,2,2,4,3,2,2,3,2,Wildcard
3,2,1,1,4,4,1,1,4,3,4,4,3,3,2,Wildcard
2,1,4,4,4,3,4,2,4,1,3,3,1,4,2,Wildcard
3,3,2,3,4,3,4,3,3,2,4,4,2,4,3,Wildcard
4,2,2,2,4,3,2,4,4,2,4,2,4,3,2,Wildcard
3,4,3,3,4,4,1,2,1,2,4,4,1,4,3,Wildcard
3,3,1,4,4,3,2,2,3,3,4,4,4,3,4,Wildcard
2,3,4,4,4,1,2,3,2,3,4,3,3,4,3,Wildcard
4,2,2,1,3,2,3,1,2,2,3,1,1,4,4,Wildcard
1,1,3,2,3,4,3,2,2,3,4,2,2,4,1,Wildcard
4,4,3,4,4,2,4,4,3,3,4,2,1,4,3,Wildcard
1,2,3,2,2,4,3,3,2,4,2,4,3,2,4,Achiever
3,2,4,2,2,4,4,4,1,4,2,3,2,2,3,Achiever
2,3,3,2,2,3,2,3,2,4,2,3,3,1,4,Achiever
2,2,4,2,2,4,4,3,2,4,3,3,2,1,3,Achiever
3,3,3,1,2,4,4,3,3,3,2,2,3,2,4,Achiever
2,2,3,3,2,3,3,4,3,3,3,2,2,2,4,Achiever
3,3,4,1,3,4,4,4,2,4,2,3,2,3,4,Achiever
1,2,4,2,1,3,4,4,1,4,2,3,2,2,4,Achiever
2,2,4,2,2,2,4,4,3,4,1,4,2,2,4,Achiever
2,1,2,2,1,3,3,3,2,3,2,3,2,1,4,Achiever
2,1,4,2,2,4,3,3,2,3,2,3,2,2,2,Achiever
2,1,1,3,3,4,3,4,1,4,3,4,3,3,4,Achiever
3,2,3,2,2,3,4,2,3,4,2,4,2,1,4,Achiever
3,2,3,3,2,4,3,4,2,4,2,4,3,3,4,Achiever
3,1,2,1,3,4,4,4,2,3,1,4,2,2,3,Achiever
2,2,1,3,1,4,4,4,2,2,2,4,2,2,4,Achiever
2,3,2,2,2,4,4,4,2,3,1,2,2,2,4,Achiever
2,1,2,2,2,2,4,4,3,4,2,2,3,3,3,Achiever
1,3,3,2,2,4,3,4,3,3,3,3,3,3,4,Achiever
2,2,4,3,3,3,4,4,2,4,1,4,2,3,2,Achiever
2,3,3,3,2,4,4,4,2,4,2,2,2,3,4,Achiever
3,3,4,1,1,2,2,4,2,4,2,3,2,2,4,Achiever
1,2,3,2,2,4,4,4,2,3,3,3,2,2,4,Achiever
2,3,3,3,2,4,4,4,2,4,2,2,2,3,4,Achiever
2,2,4,2,2,3,4,3,1,4,3,2,3,1,4,Achiever
2,2,4,2,3,2,3,4,3,4,2,2,2,1,3,Achiever
2,2,1,3,3,4,3,2,1,4,2,3,1,2,4,Achiever
2,2,3,2,2,2,3,3,2,4,2,3,1,3,2,Achiever
2,2,2,2,2,4,4,4,2,3,1,4,3,2,3,Achiever
3,2,4,2,2,4,3,4,3,4,2,4,3,2,4,Achiever
2,2,3,2,1,4,4,3,1,4,2,4,1,2,4,Achiever
1,3,3,2,2,4,3,3,3,2,3,2,2,3,4,Achiever
3,2,4,2,2,3,4,4,2,3,3,2,2,2,3,Achiever
3,2,2,2,2,4,4,3,1,4,3,3,3,2,4,Achiever
3,2,4,2,2,4,3,4,1,4,3,4,2,2,3,Achiever
2,2,1,2,2,4,4,4,1,4,3,3,1,2,4,Achiever
3,2,3,3,2,2,4,4,2,4,2,4,2,1,3,Achiever
3,2,3,2,2,4,4,4,1,3,2,4,1,2,3,Achiever
2,1,2,2,2,3,3,4,2,2,2,4,2,3,2,Achiever
2,1,4,2,2,4,4,4,2,4,1,4,2,3,4,Achiever
1,2,2,2,3,4,4,3,2,4,3,4,2,2,3,Achiever
2,2,4,2,1,4,3,4,2,3,2,2,2,2,4,Achiever
2,3,4,2,1,4,4,4,2,3,1,3,2,2,4,Achiever
2,2,3,2,3,3,4,4,2,3,2,4,2,2,2,Achiever
2,2,3,3,3,2,4,4,1,3,2,2,2,1,4,Achiever
2,2,4,2,3,4,4,4,3,2,2,3,2,1,4,Achiever
2,2,2,2,2,3,3,3,1,4,1,3,2,3,4,Achiever
1,2,3,2,2,4,3,4,2,4,2,4,3,2,4,Achiever
2,2,3,1,2,3,3,4,2,3,2,2,1,2,3,Achiever
2,2,4,3,1,2,2,4,2,3,2,3,2,1,4,Achiever
2,2,3,2,2,2,4,4,3,3,2,4,3,2,3,Achiever
1,3,1,2,1,3,3,3,2,4,3,4,2,1,3,Achiever
2,2,2,2,1,4,4,2,3,3,1,3,2,3,4,Achiever
2,3,3,3,3,3,3,4,3,3,3,4,1,2,4,Achiever
2,2,1,2,3,4,4,2,2,4,3,2,1,2,4,Achiever
1,2,4,2,2,3,3,4,3,4,2,2,1,1,3,Achiever
3,3,4,2,2,4,4,3,2,4,2,4,3,2,4,Achiever
3,3,2,3,1,3,3,4,3,4,2,3,2,3,4,Achiever
2,2,3,2,3,4,4,4,1,4,3,4,2,1,3,Achiever
2,2,4,2,1,4,4,4,2,4,2,4,2,2,3,Achiever
2,2,4,2,2,3,3,3,2,3,2,4,2,1,4,Achiever
1,2,4,1,2,3,3,4,2,3,1,4,2,3,3,Achiever
3,1,3,2,2,4,3,3,2,3,2,2,2,2,4,Achiever
2,1,2,1,2,3,4,4,3,4,2,3,2,2,4,Achiever
3,2,4,2,2,3,3,4,2,3,2,4,2,3,4,Achiever
1,3,1,2,2,4,3,4,2,2,2,3,3,2,3,Achiever
2,2,2,3,2,3,4,4,3,4,1,4,2,1,3,Achiever
1,2,2,2,2,2,2,4,3,3,2,2,2,2,2,Achiever
2,1,4,2,3,2,4,4,2,4,2,4,2,3,4,Achiever
2,2,2,3,1,4,4,2,3,4,2,2,1,1,4,Achiever
3,2,3,2,3,2,2,2,2,4,2,3,2,2,4,Achiever
2,1,4,2,1,3,4,3,2,4,2,4,1,3,4,Achiever
3,2,1,3,1,3,3,4,2,4,3,2,1,1,3,Achiever
2,2,3,3,2,4,4,2,3,4,1,2,2,2,4,Achiever
2,2,1,2,2,4,4,3,2,2,2,3,2,1,4,Achiever
2,3,2,1,2,2,4,3,1,4,2,3,3,2,3,Achiever
2,2,2,1,3,4,3,4,2,4,2,2,2,1,3,Achiever
1,2,4,1,1,4,3,4,3,4,2,4,3,2,2,Achiever
3,2,2,1,2,4,4,2,2,4,3,2,1,2,3,Achiever
3,2,2,2,2,4,4,2,2,3,3,3,1,3,4,Achiever
3,2,3,2,1,3,2,2,2,4,2,3,2,2,4,Achiever
2,1,4,3,2,4,4,4,2,2,3,4,2,3,4,Achiever
1,1,2,2,2,3,4,4,2,3,2,2,2,2,4,Achiever
2,3,2,2,3,3,4,4,2,3,2,4,1,3,3,Achiever
2,2,2,3,2,4,3,4,2,2,2,3,2,2,4,Achiever
3,2,1,3,3,4,4,2,2,3,1,4,3,3,4,Achiever
1,2,1,2,2,4,4,3,2,4,2,4,3,2,4,Achiever
2,2,3,2,3,4,4,3,2,2,2,3,2,2,4,Achiever
1,2,3,3,3,4,2,4,3,4,1,2,2,2,3,Achiever
2,2,3,2,2,2,2,4,2,4,2,3,2,3,4,Achiever
2,2,1,3,3,3,3,4,2,3,1,4,2,3,4,Achiever
1,2,3,2,2,4,3,4,2,3,2,3,2,3,4,Achiever
2,2,1,3,2,4,3,4,3,4,2,2,2,2,4,Achiever
2,3,2,1,3,2,3,3,1,2,3,3,2,2,4,Achiever
2,2,4,2,2,4,4,4,3,3,2,4,3,2,4,Achiever
2,3,3,2,2,3,2,4,2,3,2,4,2,3,3,Achiever
2,3,1,2,3,3,4,4,2,4,2,3,2,3,4,Achiever
3,2,4,2,3,4,3,4,1,3,2,4,1,2,4,Achiever
2,1,4,2,2,4,4,3,1,4,2,3,3,3,4,Achiever
1,2,2,2,3,4,3,4,2,4,2,3,2,2,4,Achiever
1,2,2,2,2,3,4,4,2,3,3,3,2,2,4,Achiever
1,2,1,2,3,4,4,4,3,4,2,3,2,1,3,Achiever
2,3,3,2,1,4,4,4,2,3,2,3,2,3,3,Achiever
2,1,4,2,3,4,3,3,3,4,2,3,2,3,4,Achiever
2,2,4,3,2,4,3,3,2,4,3,3,2,2,3,Achiever
2,2,3,2,2,3,4,3,2,4,3,3,1,2,4,Achiever
1,3,3,3,2,2,4,3,3,3,1,4,3,2,4,Achiever
2,1,3,2,2,3,4,4,1,3,2,4,3,2,4,Achiever
3,2,1,3,3,4,2,4,2,4,3,3,2,2,4,Achiever
3,2,4,2,3,4,2,3,2,4,2,3,3,3,4,Achiever
1,2,3,3,2,4,4,4,2,2,2,3,3,2,4,Achiever
3,2,3,2,2,4,2,3,2,4,1,4,3,1,4,Achiever
3,2,1,2,2,3,3,2,2,2,3,4,2,3,4,Achiever
2,2,3,2,2,3,2,4,1,3,2,4,2,2,4,Achiever
3,1,1,3,1,3,4,4,1,4,2,4,2,2,4,Achiever
3,2,2,3,2,4,3,2,2,4,2,4,3,1,3,Achiever
2,1,3,1,1,2,3,4,2,3,2,3,3,1,3,Achiever
2,2,4,2,2,3,4,4,2,4,2,4,1,2,3,Achiever
3,3,2,3,2,2,4,3,3,3,2,3,3,3,2,Achiever
2,2,2,1,2,3,4,4,2,4,2,2,2,2,4,Achiever
1,3,3,3,3,4,3,3,2,3,2,3,2,3,3,Achiever
3,3,3,2,2,3,4,4,2,3,2,2,1,3,3,Achiever
2,2,2,2,3,4,4,4,3,4,3,4,2,1,3,Achiever
3,2,1,2,2,3,4,4,3,4,3,3,3,1,3,Achiever
3,2,4,2,2,4,3,4,1,3,2,4,1,1,4,Achiever
2,2,2,3,2,4,4,2,2,4,1,3,2,2,4,Achiever
2,3,1,2,1,3,3,4,3,3,2,4,3,2,3,Achiever
2,2,3,3,2,4,4,3,2,4,2,4,2,2,4,Achiever
2,2,2,2,2,4,4,4,2,3,3,3,2,2,3,Achiever
3,2,1,2,3,4,3,4,2,4,2,3,1,2,4,Achiever
3,3,3,2,2,2,4,3,3,2,3,3,2,3,4,Achiever
2,2,2,3,3,4,4,4,2,3,2,3,2,2,3,Achiever
2,1,4,2,3,4,4,3,2,4,2,3,2,1,4,Achiever
1,2,3,3,1,3,3,4,3,3,2,3,2,3,4,Achiever
3,1,3,2,2,4,4,3,2,3,3,2,2,1,4,Achiever
2,2,4,3,3,4,2,4,2,4,1,2,2,2,3,Achiever
1,2,2,3,3,4,3,4,2,4,2,4,1,2,4,Achiever
2,2,4,2,2,4,4,3,2,3,2,3,2,2,3,Achiever
2,1,3,2,3,4,3,4,2,4,2,3,1,2,4,Achiever
2,2,1,2,2,3,3,4,2,4,2,4,2,1,4,Achiever
2,2,2,3,2,4,2,3,2,4,2,2,2,3,3,Achiever
1,2,1,2,1,3,3,3,3,3,2,2,3,2,3,Achiever
1,1,4,3,2,4,4,2,3,3,2,4,2,1,4,Achiever
2,1,1,2,1,3,4,4,2,3,2,3,2,3,3,Achiever
2,1,3,2,3,2,4,4,3,4,3,3,2,3,4,Achiever
2,1,1,1,2,3,3,4,2,3,1,3,2,3,4,Achiever
1,1,1,1,1,4,4,4,1,4,2,3,2,2,2,Achiever
1,1,1,2,3,4,3,4,2,4,2,3,2,2,3,Achiever
3,2,4,2,2,4,4,4,2,3,3,3,2,2,4,Achiever
3,2,3,2,2,4,3,4,1,4,2,3,2,2,4,Achiever
3,2,3,1,2,4,4,3,1,4,2,4,3,2,3,Achiever
2,1,2,3,2,4,2,3,2,4,2,2,2,3,3,Achiever
2,2,2,2,1,3,3,4,3,2,2,2,2,1,4,Achiever
2,2,3,3,3,4,4,3,2,4,1,4,2,1,3,Achiever
3,2,2,2,2,4,4,3,1,4,2,4,2,2,4,Achiever
2,2,4,2,2,4,2,4,2,4,2,2,3,2,3,Achiever
2,3,3,2,2,4,4,4,1,4,3,3,3,3,4,Achiever
3,2,3,2,2,3,4,3,3,4,1,4,2,2,4,Achiever
3,2,4,3,2,4,4,3,2,3,3,3,2,1,3,Achiever
3,3,4,2,2,3,3,4,2,4,1,4,2,3,4,Achiever
2,2,2,1,3,3,4,4,2,4,2,3,2,2,4,Achiever
2,3,4,3,3,4,3,3,2,4,3,4,2,3,3,Achiever
1,3,2,2,2,4,3,4,3,3,1,4,1,2,3,Achiever
2,3,3,1,2,3,4,4,2,3,2,4,3,2,4,Achiever
2,2,4,3,1,3,3,4,2,4,2,4,3,2,2,Achiever
1,2,3,2,2,4,4,4,1,2,2,4,3,2,3,Achiever
3,2,2,2,2,3,3,3,2,3,1,4,2,2,4,Achiever
2,2,3,1,3,4,4,3,2,4,1,4,2,2,2,Achiever
2,2,3,2,1,3,4,4,2,4,2,4,2,2,3,Achiever
2,2,2,3,2,3,3,3,2,2,2,2,3,2,4,Achiever
2,3,4,2,2,3,3,3,2,3,3,4,2,2,3,Achiever
2,2,1,2,2,3,4,4,2,3,2,3,2,2,4,Achiever
2,2,3,2,2,4,4,2,1,4,1,4,2,2,3,Achiever
3,1,3,2,2,2,4,4,2,4,2,4,2,2,3,Achiever
2,3,1,2,2,3,4,4,2,4,2,2,2,2,4,Achiever
2,1,3,3,1,3,4,3,2,4,2,3,2,2,4,Achiever
3,1,3,2,2,3,4,3,2,4,2,3,3,1,4,Achiever
2,2,4,2,2,3,3,4,1,4,3,4,3,3,4,Achiever
1,2,3,2,2,4,4,3,3,4,2,3,2,2,3,Achiever
1,2,3,2,2,3,4,4,2,4,2,2,1,2,3,Achiever
1,2,2,2,2,4,4,3,2,4,3,3,1,2,4,Achiever
3,2,3,3,2,3,4,4,2,4,2,3,2,1,3,Achiever
2,2,1,3,3,4,3,4,3,4,3,4,2,2,3,Achiever
1,3,3,1,3,4,4,4,2,4,2,4,2,2,4,Achiever
2,2,2,2,2,3,4,4,2,4,3,3,2,2,4,Achiever
2,3,2,3,2,3,2,4,2,4,2,4,2,3,3,Achiever
2,3,2,3,3,3,4,4,2,3,2,3,2,2,4,Achiever
3,1,2,3,1,4,3,3,2,3,1,3,1,2,4,Achiever
2,2,4,3,3,3,4,3,3,4,3,2,2,1,2,Achiever
3,2,1,2,3,4,3,4,2,4,2,4,2,1,4,Achiever
2,2,2,1,3,2,3,4,2,3,1,2,2,1,4,Achiever
1,2,1,3,2,3,4,4,2,3,2,3,2,2,3,Achiever
2,2,3,3,1,2,4,3,3,4,2,4,3,1,4,Achiever
2,1,1,2,2,4,4,3,2,4,2,2,3,3,4,Achiever
2,3,1,3,3,4,4,4,2,4,3,4,3,2,4,Achiever
2,2,4,2,2,4,3,4,1,4,1,3,2,2,4,Achiever
2,2,3,1,1,2,4,2,2,3,1,2,3,2,3,Achiever
2,2,2,3,3,4,4,4,2,4,3,3,2,3,3,Achiever
2,2,3,2,2,4,4,3,2,2,2,4,2,2,4,Achiever
3,2,3,2,2,4,3,4,2,4,2,4,3,3,4,Achiever
2,3,4,1,2,3,3,4,1,3,4,3,1,4,4,Achiever
2,2,4,4,2,3,3,4,2,3,3,3,4,2,4,Achiever
4,2,3,1,2,3,3,3,1,4,3,3,4,1,3,Achiever
4,3,4,1,3,4,3,3,3,3,1,3,2,2,4,Achiever
1,2,3,1,2,3,4,3,3,3,1,3,3,4,3,Achiever
1,2,4,1,4,3,4,3,4,3,3,4,2,2,4,Achiever
1,2,3,2,3,4,4,4,1,3,3,3,3,1,3,Achiever
4,3,3,1,2,3,4,3,3,4,1,3,2,1,3,Achiever
2,3,3,4,3,3,3,3,1,4,2,4,2,1,4,Achiever
3,1,4,2,1,4,3,3,1,4,1,4,4,3,3,Achiever
1,1,4,4,2,3,4,4,4,3,3,4,4,1,4,Achiever
3,3,3,4,3,4,3,3,3,4,4,3,4,1,3,Achiever
3,1,4,2,1,4,3,4,2,3,3,4,2,2,3,Achiever
2,4,3,3,1,4,3,4,3,3,4,3,1,2,4,Achiever
2,2,3,4,4,3,4,4,3,3,2,4,3,1,4,Achiever
2,2,3,2,4,4,4,4,2,4,3,4,3,1,3,Achiever
1,3,4,3,4,3,3,4,2,3,3,2,1,1,4,Achiever
4,4,3,3,2,3,4,3,4,4,1,4,1,3,3,Achiever
1,4,4,3,1,3,4,3,2,3,1,3,4,1,3,Achiever
4,4,2,1,3,3,3,4,2,4,1,3,4,1,3,Achiever
2,4,3,2,4,4,3,3,2,4,2,4,2,3,3,Achiever
1,2,3,2,1,3,3,4,3,3,3,2,2,1,3,Achiever
1,4,4,4,3,3,4,4,4,3,2,2,2,1,3,Achiever
4,4,3,4,2,3,3,4,4,3,4,4,1,4,4,Achiever
1,2,3,4,4,3,3,3,2,3,3,3,2,4,4,Achiever
2,4,4,4,1,3,4,4,1,3,1,3,3,1,3,Achiever
2,2,3,2,1,4,3,4,4,4,2,2,2,2,4,Achiever
4,2,4,4,4,3,4,3,1,3,3,4,1,2,3,Achiever
3,3,4,1,1,4,4,4,3,3,4,2,1,1,4,Achiever
4,2,3,3,3,4,4,3,1,4,1,3,3,4,4,Achiever
2,3,3,1,1,3,3,4,2,4,4,3,3,3,3,Achiever
3,1,4,3,3,4,3,4,2,4,3,3,4,1,4,Achiever
1,3,3,1,2,3,3,4,2,4,1,2,4,2,3,Achiever
2,3,4,3,2,3,3,4,3,4,2,3,4,1,4,Achiever
1,2,3,1,4,4,3,4,3,3,1,3,4,1,4,Achiever
3,4,4,3,2,4,3,3,1,3,2,3,3,3,4,Achiever
4,1,3,1,4,4,4,3,1,3,4,2,2,4,4,Achiever
4,1,2,3,4,4,4,3,2,3,3,3,2,3,4,Achiever
2,3,3,2,1,3,4,4,1,3,4,4,4,2,4,Achiever
4,4,4,2,2,3,3,4,4,4,1,2,2,3,4,Achiever
2,2,4,2,2,4,3,3,4,4,2,2,3,3,3,Achiever
1,1,4,1,3,3,4,3,4,3,4,3,4,4,4,Achiever
4,2,3,2,2,4,4,3,2,4,4,3,1,2,4,Achiever
3,2,3,4,1,4,3,3,4,4,1,3,4,3,4,Achiever
1,2,2,1,3,4,3,3,4,4,4,3,4,3,4,Achiever
2,1,3,1,3,3,3,3,1,3,3,3,3,3,4,Achiever
2,4,3,1,3,4,3,4,4,3,4,3,4,2,3,Achiever
3,4,3,4,4,3,4,4,4,4,3,4,4,3,4,Achiever
3,4,3,2,2,4,4,3,1,4,1,2,4,1,4,Achiever
1,1,3,1,1,4,4,4,2,4,2,2,3,4,4,Achiever
2,2,2,3,3,3,2,1,2,2,1,2,1,2,3,EMO
1,2,2,2,2,3,2,3,2,2,1,2,1,1,2,EMO
2,3,3,2,2,4,2,2,3,1,1,2,2,2,3,EMO
1,2,3,2,3,4,2,3,3,2,1,2,1,2,3,EMO
1,2,2,1,2,4,3,1,4,1,1,2,2,2,2,EMO
2,2,1,2,2,4,3,2,4,2,1,2,1,2,2,EMO
1,2,2,2,2,4,2,2,4,2,1,2,1,2,2,EMO
1,3,2,2,2,4,2,3,4,2,1,2,1,2,2,EMO
1,2,2,1,2,4,3,2,3,3,1,2,1,2,1,EMO
1,1,2,2,2,3,3,2,4,3,2,3,1,3,2,EMO
1,2,2,3,3,3,3,2,3,2,1,2,1,3,3,EMO
1,1,2,2,2,4,3,3,4,3,1,1,2,1,3,EMO
2,2,1,2,2,3,2,3,3,3,1,1,1,2,3,EMO
1,3,2,3,3,3,1,2,4,2,1,2,1,1,2,EMO
2,2,1,2,3,3,1,2,4,2,1,2,1,2,2,EMO
2,2,3,2,2,4,1,2,2,2,2,2,1,1,3,EMO
1,2,3,3,2,4,2,2,4,3,1,2,1,2,2,EMO
1,2,1,2,1,3,2,2,4,2,1,2,1,3,3,EMO
1,2,3,2,2,4,1,2,4,2,1,2,1,3,3,EMO
1,2,2,2,3,4,1,2,4,3,2,1,1,1,3,EMO
1,2,2,2,3,2,2,3,4,2,2,2,1,3,2,EMO
1,2,2,1,1,3,3,2,4,2,1,2,1,2,3,EMO
1,2,2,3,2,4,2,2,4,3,1,2,1,2,3,EMO
1,2,2,1,3,4,2,3,2,2,1,2,1,1,1,EMO
1,3,3,2,2,3,3,2,3,2,1,2,1,3,3,EMO
2,3,1,2,1,4,3,2,3,1,1,2,1,2,3,EMO
1,2,2,2,2,4,2,1,3,2,2,3,1,3,1,EMO
1,2,2,2,2,4,3,2,3,3,1,2,1,2,2,EMO
1,2,1,2,3,4,2,1,4,1,1,2,2,1,3,EMO
2,2,2,3,2,4,2,3,3,2,2,2,1,2,2,EMO
2,2,3,2,2,4,3,2,4,2,1,2,1,2,2,EMO
2,3,2,3,1,4,3,1,2,3,2,1,1,1,2,EMO
2,2,2,2,2,4,2,2,4,2,1,2,1,3,2,EMO
1,1,3,3,1,4,2,2,3,2,2,2,2,2,1,EMO
1,1,2,2,2,3,2,2,4,2,1,2,1,2,3,EMO
1,2,2,2,2,3,1,2,4,2,2,2,1,2,3,EMO
2,2,2,1,3,4,2,2,4,2,1,1,1,2,2,EMO
1,2,2,3,2,4,1,1,3,1,1,2,1,3,2,EMO
1,3,2,2,2,2,2,2,4,2,2,3,2,2,2,EMO
1,3,2,2,3,4,2,2,3,2,1,2,1,2,2,EMO
1,2,2,2,2,3,2,2,4,3,1,2,1,1,2,EMO
1,2,2,2,3,3,2,2,4,1,1,2,1,2,3,EMO
1,2,1,3,2,3,2,2,4,2,1,1,1,2,3,EMO
1,2,2,1,1,3,2,2,2,3,1,2,2,1,1,EMO
1,3,2,2,2,3,1,2,2,1,1,1,1,2,1,EMO
1,2,3,2,2,3,2,2,4,3,2,2,1,3,2,EMO
1,2,2,3,2,4,1,3,4,2,1,2,2,2,3,EMO
2,1,1,1,2,4,2,3,4,3,1,2,1,2,2,EMO
2,2,1,2,2,3,3,2,3,2,1,2,2,2,2,EMO
2,1,2,2,1,4,2,3,2,3,1,3,2,1,3,EMO
1,2,1,1,3,4,1,1,4,2,1,2,1,3,2,EMO
1,2,2,2,3,3,1,2,4,2,1,3,1,3,3,EMO
2,2,2,2,1,4,2,1,4,2,1,2,1,2,2,EMO
2,1,2,3,2,3,2,2,4,2,1,2,1,2,3,EMO
1,2,2,2,2,4,3,1,4,1,1,2,1,3,2,EMO
1,1,2,3,2,4,2,2,4,2,1,2,1,2,3,EMO
2,1,3,3,2,4,3,2,4,2,1,2,1,2,1,EMO
1,1,3,2,2,4,2,2,3,2,2,3,1,2,2,EMO
1,2,3,2,3,4,2,2,3,2,1,2,1,3,2,EMO
2,3,2,2,2,4,2,1,4,2,1,1,1,2,3,EMO
2,2,1,3,3,4,2,2,2,1,2,1,2,2,2,EMO
1,2,3,3,2,2,2,3,4,2,1,3,1,1,2,EMO
1,2,2,3,2,4,1,2,3,2,1,3,1,2,2,EMO
1,1,1,2,2,4,2,2,4,2,1,3,2,2,2,EMO
1,1,1,2,2,4,2,1,4,2,1,1,1,2,3,EMO
1,2,2,2,2,2,2,2,4,1,1,2,1,2,2,EMO
1,1,2,2,2,4,2,3,4,2,1,2,1,3,3,EMO
1,1,2,2,2,4,3,2,4,3,1,2,1,2,2,EMO
1,2,3,2,1,3,2,2,4,3,1,1,1,2,2,EMO
1,2,2,3,2,4,2,2,2,3,1,2,1,3,2,EMO
1,2,3,2,2,3,3,2,2,2,1,3,1,2,2,EMO
1,3,2,2,2,3,2,1,4,2,2,2,1,3,2,EMO
1,2,2,2,2,3,1,2,4,2,1,2,1,1,2,EMO
1,3,3,2,2,3,2,2,3,3,1,2,1,3,2,EMO
1,1,2,3,3,2,2,2,2,2,1,2,1,3,1,EMO
1,2,2,2,2,2,3,1,4,2,1,2,1,2,2,EMO
1,2,2,3,3,2,2,3,4,1,1,2,2,2,2,EMO
1,3,1,3,2,4,2,2,4,2,2,1,1,3,1,EMO
2,2,1,2,3,4,2,2,2,2,1,2,1,2,2,EMO
2,1,2,3,2,2,2,2,4,2,1,2,1,2,2,EMO
1,2,2,3,2,3,2,2,4,2,1,2,1,2,3,EMO
1,1,2,1,2,2,2,2,4,2,1,2,1,2,2,EMO
1,2,3,1,2,4,2,2,4,2,1,2,1,1,3,EMO
2,2,2,1,1,4,1,2,4,1,1,3,1,2,1,EMO
1,3,3,1,3,3,1,2,3,2,1,2,1,1,2,EMO
1,2,1,2,1,4,1,3,3,2,2,2,1,2,2,EMO
2,2,3,3,2,3,3,2,4,2,1,1,1,3,2,EMO
1,2,2,1,2,4,3,3,3,2,2,3,1,3,2,EMO
1,2,3,2,3,3,2,2,3,3,2,1,1,2,2,EMO
2,2,1,3,2,3,2,2,4,1,1,2,2,2,2,EMO
1,3,2,1,2,4,2,2,4,3,1,2,2,3,2,EMO
2,1,2,2,2,3,2,1,4,2,1,1,1,2,2,EMO
1,2,1,3,3,4,3,2,4,2,1,1,1,2,2,EMO
1,3,2,3,2,3,2,3,4,3,2,2,1,2,3,EMO
1,3,3,2,1,3,3,3,4,3,2,2,1,2,3,EMO
1,2,3,3,2,4,2,2,3,2,1,2,1,2,2,EMO
1,2,3,2,2,3,2,2,3,2,1,2,1,3,2,EMO
2,1,2,3,1,3,3,3,2,2,1,1,1,3,2,EMO
1,2,2,2,3,4,1,2,3,2,1,3,1,2,2,EMO
1,2,2,3,1,4,3,3,3,3,1,2,1,1,2,EMO
1,2,1,2,2,4,3,3,3,2,1,3,1,1,3,EMO
2,2,2,3,1,4,2,3,4,3,1,2,1,2,2,EMO
1,3,3,1,2,4,3,2,4,1,1,2,1,1,3,EMO
2,2,2,2,2,4,2,2,4,2,1,1,2,2,2,EMO
1,2,1,1,2,4,2,3,3,2,1,2,2,2,1,EMO
1,3,3,2,1,2,3,2,4,2,1,2,2,3,2,EMO
2,2,2,1,1,4,1,1,3,2,1,2,1,2,2,EMO
1,1,2,3,2,3,2,1,4,3,1,2,1,1,1,EMO
1,3,2,2,3,3,2,2,3,2,1,2,2,2,2,EMO
1,2,2,2,2,4,2,2,4,1,1,2,1,2,2,EMO
2,3,3,2,3,3,2,1,4,2,2,2,1,2,3,EMO
1,3,3,2,3,3,1,3,4,2,1,2,2,3,1,EMO
1,2,3,2,3,3,2,2,4,2,1,2,1,3,2,EMO
1,3,3,1,2,4,2,1,3,2,2,2,1,2,2,EMO
1,3,2,3,2,3,2,3,4,3,1,2,1,1,3,EMO
1,2,3,1,1,4,3,2,4,1,1,1,2,2,1,EMO
1,2,2,2,2,4,3,1,4,1,1,3,1,2,2,EMO
1,2,2,2,2,2,1,1,4,2,2,2,1,2,2,EMO
1,3,3,2,3,4,2,2,2,2,1,2,2,2,3,EMO
1,2,2,2,3,4,3,2,4,2,1,2,2,3,3,EMO
1,3,2,2,2,4,2,2,3,1,1,3,1,3,3,EMO
1,2,2,3,2,4,2,2,4,2,1,2,1,1,2,EMO
1,1,2,2,2,3,3,2,4,2,2,2,1,2,2,EMO
1,2,3,2,3,4,2,2,4,2,1,2,1,1,3,EMO
2,2,3,1,3,4,2,2,2,3,1,3,1,3,3,EMO
2,2,2,1,2,4,2,3,4,2,1,3,1,3,2,EMO
2,3,2,2,2,4,1,2,4,2,1,2,1,3,2,EMO
1,2,2,1,2,3,2,2,3,3,1,2,1,3,3,EMO
1,2,3,3,3,2,2,2,4,3,2,2,1,2,2,EMO
1,2,2,3,1,4,1,1,2,2,2,3,1,2,2,EMO
1,2,1,3,1,3,2,1,4,2,1,2,1,3,1,EMO
1,3,2,2,3,4,2,1,4,2,2,2,1,2,2,EMO
1,2,2,2,3,4,2,2,4,2,1,2,1,3,3,EMO
1,2,2,2,2,2,2,3,4,3,2,2,1,2,2,EMO
1,3,1,1,1,4,2,3,3,2,1,1,1,3,3,EMO
1,2,2,3,1,4,2,2,4,2,1,3,1,2,3,EMO
2,2,2,3,1,4,3,3,3,3,1,2,1,3,2,EMO
1,2,2,3,2,4,1,1,3,1,1,3,2,3,3,EMO
1,1,3,2,2,4,1,2,4,2,1,2,1,2,1,EMO
1,2,3,2,2,4,2,3,4,2,1,2,1,2,2,EMO
1,3,3,2,1,3,3,1,4,3,1,3,1,1,1,EMO
1,2,2,2,1,3,1,2,4,2,1,3,1,2,2,EMO
1,2,1,2,3,3,2,2,3,2,1,2,1,2,3,EMO
1,2,2,3,1,4,1,3,3,2,1,2,2,1,2,EMO
1,2,2,2,2,4,3,2,3,1,1,2,1,2,2,EMO
1,3,2,1,2,4,3,2,4,2,1,1,1,2,2,EMO
2,3,2,2,2,4,2,3,4,3,1,2,1,2,2,EMO
2,2,3,2,1,4,2,2,4,3,2,3,1,2,2,EMO
1,2,2,3,2,3,3,2,3,3,2,3,1,3,2,EMO
1,2,1,2,2,3,3,2,2,3,1,2,1,1,2,EMO
2,2,2,1,2,4,3,2,4,2,1,2,1,1,2,EMO
1,2,2,2,3,4,2,3,4,2,1,1,1,2,2,EMO
1,2,2,1,2,4,2,3,4,1,2,3,1,1,2,EMO
1,2,3,2,1,4,3,2,4,3,1,3,1,1,2,EMO
1,2,2,2,3,3,1,2,3,3,2,3,1,2,1,EMO
1,1,2,3,3,4,2,2,3,1,1,3,2,2,3,EMO
1,2,2,2,3,4,2,3,3,2,2,2,1,3,3,EMO
1,2,2,3,2,4,2,3,4,2,1,1,2,3,3,EMO
1,2,2,2,3,4,1,2,4,1,1,2,2,2,3,EMO
2,2,3,1,3,4,3,1,4,2,2,2,2,2,1,EMO
1,2,1,2,2,3,1,2,3,2,1,1,1,3,3,EMO
2,2,2,2,2,4,2,1,4,2,2,2,1,3,2,EMO
1,2,2,2,2,3,2,3,3,2,1,2,2,3,2,EMO
1,2,2,2,2,4,2,2,4,2,1,2,1,2,2,EMO
1,2,1,2,2,4,3,2,4,2,2,2,1,2,1,EMO
1,3,2,2,2,4,2,3,2,3,1,2,1,2,2,EMO
2,3,1,3,2,4,1,3,3,3,2,2,1,3,2,EMO
2,2,2,3,1,3,2,3,3,2,1,1,2,2,2,EMO
1,2,1,1,2,3,2,2,4,3,1,2,1,2,2,EMO
1,2,3,3,3,4,3,2,2,3,1,2,1,2,2,EMO
1,2,2,2,2,4,2,2,3,3,2,2,1,2,2,EMO
1,2,2,2,1,4,2,3,4,2,1,2,1,2,2,EMO
1,3,2,2,2,2,2,3,4,2,1,3,1,2,3,EMO
1,3,1,2,2,4,1,2,3,2,1,2,1,1,2,EMO
1,2,3,1,3,3,2,3,4,3,1,3,1,1,1,EMO
2,2,3,1,2,4,3,1,4,3,1,3,2,3,3,EMO
1,1,3,2,2,4,2,2,4,2,2,2,1,2,3,EMO
1,2,2,3,2,3,2,1,3,1,1,3,1,1,2,EMO
1,2,1,2,2,2,3,2,4,2,1,2,2,2,3,EMO
2,3,2,2,2,4,2,3,4,2,1,2,1,2,2,EMO
1,2,3,2,2,3,1,2,4,2,1,2,1,2,1,EMO
1,1,2,2,1,3,2,2,4,3,1,2,1,2,3,EMO
1,2,2,2,2,3,2,2,4,2,1,3,1,1,3,EMO
1,3,2,2,3,4,2,2,4,3,1,2,1,3,1,EMO
2,2,2,2,3,4,3,2,2,3,1,3,2,2,2,EMO
2,1,1,3,2,4,2,3,4,1,1,2,1,2,3,EMO
2,2,1,2,2,4,2,2,4,2,1,1,1,2,1,EMO
1,2,2,2,3,4,2,2,4,2,1,2,1,2,2,EMO
1,2,2,2,3,2,2,2,3,2,2,1,1,1,3,EMO
1,3,2,2,2,3,1,1,4,2,1,3,1,3,1,EMO
1,3,1,3,2,4,2,2,4,3,1,2,1,2,3,EMO
1,1,2,2,2,4,2,2,4,1,1,1,1,1,2,EMO
2,2,2,2,2,3,2,2,4,1,1,2,2,2,2,EMO
1,2,1,3,2,4,2,2,4,2,1,1,1,3,2,EMO
1,2,3,2,3,3,2,1,4,2,1,2,1,1,2,EMO
1,3,3,2,2,4,2,2,3,2,1,3,1,2,2,EMO
1,1,1,2,2,4,3,3,3,1,1,3,1,3,3,EMO
1,2,2,1,3,4,3,2,4,2,1,3,2,1,2,EMO
1,2,2,1,2,2,2,2,3,2,1,2,2,2,2,EMO
1,3,2,3,1,2,3,2,3,3,1,3,1,2,3,EMO
1,4,4,3,3,3,3,2,3,1,2,2,2,2,2,EMO
2,1,1,1,3,4,1,4,3,1,2,4,1,2,3,EMO
2,1,4,4,2,4,3,3,3,1,1,3,2,1,2,EMO
1,1,3,4,3,4,2,2,4,2,2,2,1,4,2,EMO
1,1,4,1,2,3,2,2,3,1,2,4,1,4,2,EMO
2,2,1,1,2,4,2,1,3,4,1,4,1,1,2,EMO
1,2,4,2,2,3,4,2,3,2,2,4,2,1,2,EMO
1,2,2,2,2,4,4,2,3,1,1,4,2,3,2,EMO
2,4,2,3,3,4,1,2,3,4,2,2,1,1,3,EMO
1,1,2,2,2,3,1,1,4,4,2,4,1,3,2,EMO
2,2,1,4,3,3,4,2,4,4,1,4,1,2,2,EMO
2,3,2,1,2,4,4,2,4,2,2,2,1,2,3,EMO
1,2,2,3,3,4,2,1,3,1,1,4,1,4,3,EMO
2,2,2,3,2,3,1,1,4,3,1,4,1,4,3,EMO
1,3,1,3,3,4,2,1,3,1,1,1,1,4,3,EMO
2,3,2,1,3,4,2,3,4,3,2,3,2,1,2,EMO
2,1,2,4,2,4,4,2,3,1,2,2,1,1,2,EMO
2,3,4,4,3,4,2,1,4,2,1,4,2,3,2,EMO
2,4,3,3,2,3,3,3,3,2,1,3,2,2,2,EMO
1,3,2,2,3,4,3,2,3,4,1,3,2,1,3,EMO
1,4,3,2,2,4,1,4,4,2,1,3,1,4,3,EMO
2,2,1,1,3,4,4,2,4,3,2,3,2,2,2,EMO
2,4,1,2,3,4,4,3,4,4,1,2,1,2,2,EMO
1,3,4,2,2,4,2,2,3,3,2,1,2,3,2,EMO
1,1,3,4,2,4,2,1,4,3,2,1,1,4,3,EMO
1,2,3,4,2,3,2,1,3,3,2,3,2,3,2,EMO
1,3,3,1,2,3,1,2,3,3,2,4,2,2,2,EMO
2,1,2,1,2,3,3,3,3,4,1,2,1,1,2,EMO
1,1,4,1,2,4,4,4,3,2,1,1,1,4,3,EMO
1,2,2,3,3,3,2,3,3,3,1,2,1,1,2,EMO
2,3,2,4,2,4,3,4,3,2,2,4,1,3,3,EMO
2,3,4,1,2,4,4,3,4,2,1,3,2,2,2,EMO
2,1,1,2,3,3,1,2,4,3,2,3,2,4,3,EMO
1,4,4,3,3,3,1,1,3,4,2,2,2,1,2,EMO
2,3,1,1,3,3,2,3,4,4,2,3,2,1,3,EMO
2,1,2,3,3,3,4,2,3,4,2,1,2,4,3,EMO
1,3,1,1,2,4,3,3,4,3,1,1,2,3,2,EMO
2,1,3,1,3,3,1,3,4,4,1,4,2,1,3,EMO
1,2,3,4,3,3,3,3,4,2,1,1,2,3,2,EMO
2,1,4,4,2,4,1,3,3,4,1,2,2,4,2,EMO
2,4,1,2,3,4,2,2,4,3,1,4,2,1,2,EMO
1,1,2,2,3,3,3,4,3,4,1,1,2,2,3,EMO
2,1,1,3,2,4,4,3,3,4,2,2,2,1,2,EMO
2,4,2,2,3,4,2,3,4,4,1,1,2,3,2,EMO
1,3,3,1,3,3,2,3,4,3,1,1,2,4,3,EMO
2,2,4,3,3,4,3,1,3,4,2,3,1,1,3,EMO
2,2,4,2,3,4,2,3,4,1,1,2,2,2,2,EMO
2,2,1,4,2,4,4,4,3,1,2,2,1,4,3,EMO
1,3,2,1,3,4,4,4,3,2,2,2,1,3,2,EMO
2,2,4,2,3,3,3,2,4,2,2,4,2,1,2,EMO
2,3,4,2,2,4,2,4,3,2,2,2,2,2,2,Gamer
3,2,3,3,1,4,2,2,2,1,2,4,2,3,1,Gamer
2,3,3,3,2,4,3,3,2,2,2,4,2,2,2,Gamer
1,2,2,1,3,3,1,4,1,3,2,3,3,2,2,Gamer
3,2,3,2,2,4,2,4,2,1,3,4,2,2,3,Gamer
2,2,4,3,3,3,3,3,3,2,2,4,2,2,2,Gamer
1,2,3,1,2,4,2,3,3,2,2,2,1,2,1,Gamer
2,3,4,2,2,3,2,4,2,2,3,4,2,1,3,Gamer
3,2,4,3,1,3,3,4,2,1,2,3,2,3,1,Gamer
1,3,4,3,3,3,2,3,3,2,3,3,2,1,2,Gamer
3,2,3,3,2,3,2,4,3,2,2,3,2,2,2,Gamer
1,3,4,3,2,4,2,4,2,2,1,4,1,3,2,Gamer
2,2,4,2,2,4,3,2,2,2,2,4,3,2,2,Gamer
3,1,4,2,2,4,3,3,2,3,2,4,2,3,2,Gamer
2,1,3,2,2,3,2,4,2,3,1,3,2,2,2,Gamer
3,2,3,2,2,3,2,3,2,2,3,2,2,2,3,Gamer
3,2,3,2,2,4,3,3,2,2,1,2,2,2,2,Gamer
2,1,4,2,2,4,2,4,2,2,2,3,2,2,2,Gamer
3,2,4,1,2,3,3,4,2,2,2,3,2,2,2,Gamer
2,1,4,2,3,2,2,4,3,2,3,3,2,2,2,Gamer
2,2,2,3,2,4,2,4,2,3,1,3,3,3,2,Gamer
3,2,4,2,2,4,2,2,2,2,1,3,2,3,2,Gamer
2,2,4,3,1,4,2,4,1,2,3,4,3,2,2,Gamer
2,2,4,3,3,3,2,4,3,3,2,4,1,2,3,Gamer
2,2,4,2,1,4,2,4,2,3,2,4,2,1,2,Gamer
2,3,4,3,3,4,3,2,1,2,1,4,3,1,2,Gamer
2,2,3,2,1,3,3,4,2,3,2,4,2,1,1,Gamer
2,3,4,2,3,4,2,4,2,2,2,4,1,2,2,Gamer
2,2,4,3,2,3,2,4,3,2,1,4,2,2,3,Gamer
2,2,4,3,1,4,3,4,3,1,3,3,3,3,3,Gamer
2,2,4,3,2,2,2,4,2,2,3,4,2,3,2,Gamer
2,2,4,2,3,4,2,2,2,2,2,4,1,1,1,Gamer
2,1,3,2,2,3,2,3,2,1,2,4,1,2,2,Gamer
2,3,4,2,2,3,3,4,3,2,2,3,2,2,2,Gamer
2,3,3,2,2,4,2,3,3,3,1,3,1,2,2,Gamer
3,2,4,3,1,4,3,3,2,2,1,4,1,2,3,Gamer
3,1,4,2,2,4,2,3,3,2,2,4,1,2,2,Gamer
1,1,3,3,1,3,3,4,2,2,3,4,2,2,2,Gamer
2,3,3,3,3,3,3,3,2,2,2,3,3,2,2,Gamer
2,1,3,3,1,4,3,4,1,3,2,4,2,2,1,Gamer
3,2,4,3,2,2,2,4,1,1,2,3,2,3,2,Gamer
2,2,3,1,2,2,2,4,3,1,2,4,3,1,2,Gamer
3,2,4,2,2,3,2,3,2,3,2,4,2,2,2,Gamer
1,2,3,1,3,4,2,2,2,2,1,4,2,2,2,Gamer
2,2,3,2,2,3,3,4,2,2,2,4,2,3,2,Gamer
3,1,4,3,3,4,2,4,2,3,2,3,2,1,2,Gamer
2,2,3,2,1,2,2,3,3,2,1,4,3,1,2,Gamer
3,2,3,2,3,4,1,4,1,3,2,3,2,2,2,Gamer
2,2,4,1,2,3,2,4,2,3,2,4,1,2,2,Gamer
2,3,3,3,2,4,2,4,3,2,2,4,1,2,2,Gamer
3,1,3,3,2,2,2,2,3,3,3,4,2,2,3,Gamer
2,3,3,2,3,3,1,4,3,2,1,2,3,1,1,Gamer
1,3,3,2,2,4,2,3,2,3,2,4,3,2,1,Gamer
2,2,4,3,3,4,2,3,1,2,1,4,2,2,2,Gamer
2,1,4,2,2,4,3,4,1,2,2,3,2,2,1,Gamer
2,2,4,3,2,4,1,3,3,3,2,3,3,2,3,Gamer
1,2,4,3,3,3,2,2,2,1,2,3,3,1,2,Gamer
2,3,3,2,2,4,1,4,2,1,1,2,2,2,2,Gamer
3,3,3,3,1,3,1,3,2,3,2,3,2,3,1,Gamer
1,1,4,3,1,4,3,4,2,2,2,4,1,2,2,Gamer
1,2,2,2,2,2,3,3,3,2,3,3,3,2,2,Gamer
3,3,4,1,3,3,2,4,2,2,2,4,1,2,2,Gamer
3,3,2,1,2,3,2,3,1,2,3,4,2,2,2,Gamer
2,2,3,2,2,4,2,4,1,3,2,4,2,2,1,Gamer
2,2,4,2,2,3,2,3,2,2,2,3,2,3,2,Gamer
1,2,4,1,2,2,3,4,1,2,3,3,2,3,3,Gamer
3,2,3,2,2,3,2,4,3,2,2,3,1,1,1,Gamer
2,2,2,3,3,4,2,4,2,3,2,4,2,1,3,Gamer
2,1,2,1,1,4,2,2,2,3,3,4,2,3,2,Gamer
2,1,3,2,1,4,2,2,2,2,2,3,2,3,2,Gamer
3,2,3,3,2,3,2,4,1,2,2,4,1,3,2,Gamer
2,3,4,2,2,4,2,4,2,2,2,4,3,2,2,Gamer
2,3,4,3,1,4,3,4,2,2,1,4,2,2,2,Gamer
3,2,4,2,3,3,3,4,2,3,1,4,2,2,1,Gamer
3,2,3,2,1,3,2,3,2,2,2,4,3,2,2,Gamer
3,2,4,3,1,4,1,4,2,1,2,2,3,2,2,Gamer
3,2,4,3,1,3,2,3,2,1,2,3,2,2,2,Gamer
2,2,4,2,2,4,2,2,3,2,1,4,3,2,2,Gamer
2,2,4,2,3,2,1,3,3,2,1,4,2,2,3,Gamer
1,2,3,2,1,4,2,3,2,1,2,4,2,2,1,Gamer
2,2,4,2,3,3,2,4,2,3,2,3,2,3,2,Gamer
3,2,4,2,1,2,3,4,2,3,2,4,2,2,2,Gamer
2,2,4,2,2,4,3,4,2,3,2,2,3,2,3,Gamer
1,1,3,2,2,2,2,4,2,1,2,4,3,3,2,Gamer
1,2,4,2,2,4,2,4,3,3,1,3,2,3,1,Gamer
3,3,2,1,2,3,2,3,1,3,2,4,2,2,2,Gamer
2,2,4,2,1,4,3,2,2,1,3,3,2,2,2,Gamer
2,3,4,2,2,2,1,4,2,3,2,4,3,1,1,Gamer
1,2,2,1,1,2,3,4,3,3,2,4,1,1,2,Gamer
1,2,4,2,3,2,2,3,1,2,2,3,3,1,2,Gamer
2,2,2,3,2,4,2,3,2,2,2,4,2,3,2,Gamer
3,2,4,2,2,4,2,3,2,2,2,2,3,1,2,Gamer
2,2,4,2,2,4,2,4,2,2,2,4,2,2,2,Gamer
2,2,2,1,2,3,2,4,2,2,2,3,3,2,2,Gamer
2,1,4,3,1,4,1,3,2,3,2,2,3,2,1,Gamer
2,3,4,1,3,3,2,3,2,2,1,4,2,2,3,Gamer
2,2,3,2,2,4,1,3,3,3,3,2,1,3,2,Gamer
2,3,2,2,1,3,3,3,1,3,3,4,2,2,2,Gamer
2,2,4,3,2,4,2,4,2,2,3,4,2,3,2,Gamer
1,1,4,1,2,3,2,3,2,1,3,3,1,2,2,Gamer
2,3,3,2,2,3,3,4,2,2,3,2,3,2,1,Gamer
2,2,4,2,1,2,3,4,2,3,2,3,1,3,2,Gamer
3,1,4,1,2,2,2,3,3,3,3,4,2,2,2,Gamer
2,2,4,2,2,4,2,3,3,3,2,2,2,1,2,Gamer
3,3,2,2,2,3,3,4,3,1,2,3,3,2,3,Gamer
3,2,4,2,2,4,3,3,2,2,2,3,2,3,2,Gamer
2,2,3,1,2,4,2,3,2,1,2,4,2,3,3,Gamer
2,2,4,3,3,2,2,4,2,3,2,4,2,2,1,Gamer
3,2,4,2,3,4,2,4,3,2,3,2,3,2,2,Gamer
1,3,4,1,2,4,3,4,2,1,2,4,2,3,2,Gamer
2,2,4,2,2,3,2,4,2,2,2,4,3,2,3,Gamer
3,2,4,2,2,4,3,4,3,2,2,3,3,3,2,Gamer
2,2,4,2,2,3,2,3,2,2,3,3,3,1,3,Gamer
2,2,2,2,2,2,2,4,1,2,3,3,2,3,3,Gamer
3,1,3,1,1,3,2,4,3,2,3,3,2,2,2,Gamer
2,2,4,2,2,3,2,4,2,3,3,4,2,2,2,Gamer
2,2,2,2,3,4,2,4,3,1,2,2,1,2,2,Gamer
3,3,3,1,3,4,2,4,2,2,2,3,2,2,3,Gamer
2,3,3,3,2,3,2,4,2,3,3,4,1,2,2,Gamer
2,2,2,2,2,4,2,4,2,3,2,4,3,3,2,Gamer
1,1,3,2,3,4,2,4,2,1,2,4,2,1,2,Gamer
2,2,3,2,1,4,2,4,3,1,3,4,1,3,3,Gamer
1,2,4,2,3,4,2,4,2,3,2,4,3,3,3,Gamer
3,2,4,1,1,4,1,2,2,1,2,4,3,1,2,Gamer
2,2,3,2,1,3,2,4,2,3,2,3,2,2,3,Gamer
3,2,4,2,3,4,3,4,2,3,2,4,2,1,2,Gamer
1,3,3,3,1,3,1,4,2,2,3,4,2,2,1,Gamer
2,2,3,3,2,4,2,3,2,2,3,3,1,3,1,Gamer
1,2,4,3,2,3,2,3,2,2,3,4,2,3,2,Gamer
2,2,4,3,2,4,2,2,2,3,2,4,2,2,2,Gamer
3,3,3,3,2,4,3,2,2,2,2,4,2,2,2,Gamer
3,2,4,2,3,3,1,4,3,3,3,3,2,3,3,Gamer
2,2,3,2,2,4,2,4,3,2,2,3,2,2,2,Gamer
1,3,4,1,3,3,1,2,3,1,2,4,2,2,2,Gamer
2,1,3,2,2,4,1,3,3,3,2,4,2,2,2,Gamer
3,1,2,2,2,2,2,3,2,3,2,4,2,2,2,Gamer
2,3,3,1,2,4,3,3,2,3,3,4,2,2,2,Gamer
2,3,4,3,1,3,3,4,1,2,2,3,1,2,2,Gamer
3,2,4,2,1,4,2,4,2,1,2,3,2,2,3,Gamer
1,3,3,1,2,3,3,4,3,1,2,4,2,2,2,Gamer
2,2,3,3,1,4,3,4,2,2,2,3,1,2,1,Gamer
3,2,4,2,2,4,3,4,3,2,2,4,3,2,1,Gamer
2,2,4,3,2,2,2,4,3,2,2,4,2,2,3,Gamer
2,2,4,2,2,4,3,4,2,2,2,4,2,3,2,Gamer
1,2,3,3,2,4,2,3,2,2,2,4,3,3,3,Gamer
2,3,4,2,2,3,1,4,1,2,3,4,1,2,1,Gamer
1,2,4,1,2,4,1,3,1,3,2,4,1,3,2,Gamer
3,1,2,2,3,4,2,3,2,3,2,4,2,3,3,Gamer
1,1,4,1,2,3,2,3,3,2,2,4,1,3,2,Gamer
3,2,2,2,3,4,3,3,2,2,3,3,3,3,1,Gamer
1,2,4,2,2,4,2,3,2,2,2,4,1,3,2,Gamer
2,3,4,3,2,4,2,3,2,2,1,2,2,3,3,Gamer
3,3,4,3,2,3,2,4,3,2,3,3,3,2,1,Gamer
3,2,3,1,3,3,2,4,3,2,2,4,2,2,2,Gamer
2,2,3,3,2,3,3,3,3,2,2,3,2,2,1,Gamer
2,2,2,3,2,4,2,4,1,2,2,4,2,2,2,Gamer
1,1,3,2,2,4,1,2,3,1,2,4,3,3,1,Gamer
2,3,3,3,2,4,3,3,3,3,2,3,1,2,2,Gamer
2,2,3,3,2,3,2,3,2,2,2,2,3,2,2,Gamer
1,3,4,3,2,3,1,3,2,2,2,4,1,2,2,Gamer
2,2,4,2,2,4,2,4,3,2,2,4,2,2,2,Gamer
3,2,4,1,3,3,3,3,2,2,2,4,1,2,2,Gamer
2,2,4,2,2,4,2,3,2,2,1,3,2,2,2,Gamer
2,2,3,1,2,4,1,3,1,1,2,3,2,2,2,Gamer
2,1,3,3,3,4,2,2,3,2,3,4,1,2,2,Gamer
2,1,3,3,3,3,2,3,2,3,3,4,2,2,2,Gamer
2,1,3,3,3,3,2,3,3,3,3,4,3,2,2,Gamer
2,1,4,3,2,3,2,3,2,1,1,2,1,3,2,Gamer
2,2,2,2,2,4,2,4,2,2,2,2,2,2,2,Gamer
2,2,4,3,2,3,2,4,2,2,2,3,2,1,1,Gamer
2,2,3,2,3,3,2,4,1,2,2,4,2,1,2,Gamer
2,1,4,3,2,4,3,4,3,2,2,4,3,2,3,Gamer
2,2,3,3,2,3,2,3,1,1,3,2,2,3,2,Gamer
2,3,4,2,1,3,2,4,2,3,1,3,2,3,3,Gamer
2,3,4,3,3,4,2,4,2,2,1,2,2,2,2,Gamer
2,1,4,2,2,4,3,3,2,2,1,4,1,3,2,Gamer
2,2,3,2,2,4,2,3,2,2,2,4,2,3,3,Gamer
2,2,3,2,2,4,1,4,2,2,2,2,2,3,3,Gamer
3,3,4,2,2,3,2,3,2,1,3,4,2,3,2,Gamer
2,2,4,3,2,4,3,4,1,3,2,4,2,2,3,Gamer
2,1,4,3,1,3,3,4,2,2,3,4,2,3,3,Gamer
2,2,4,2,3,4,2,4,3,3,2,3,2,2,2,Gamer
2,2,4,1,3,4,1,4,2,2,1,4,3,2,1,Gamer
3,2,4,1,2,2,3,4,2,2,3,4,2,2,3,Gamer
2,2,4,2,2,4,2,3,2,2,1,4,2,2,3,Gamer
3,2,4,3,2,3,2,3,3,3,3,4,3,2,1,Gamer
2,2,4,2,2,3,3,4,1,1,3,4,3,1,3,Gamer
3,1,4,2,2,4,2,4,2,2,3,3,2,3,1,Gamer
1,2,3,2,2,3,2,3,2,2,2,3,2,3,1,Gamer
2,2,3,2,3,3,3,4,3,2,2,4,2,2,2,Gamer
3,2,3,3,2,4,3,4,2,2,2,4,1,3,3,Gamer
3,3,3,3,2,4,2,4,3,2,2,4,1,2,2,Gamer
3,2,4,2,1,4,2,4,2,2,2,4,2,2,3,Gamer
1,2,4,2,2,2,3,3,2,2,1,2,2,2,2,Gamer
2,3,3,2,2,3,3,2,2,3,2,4,1,2,2,Gamer
2,2,2,2,2,3,2,4,1,2,2,4,2,2,2,Gamer
3,2,4,2,2,4,2,4,2,3,2,3,2,3,2,Gamer
3,3,4,1,2,4,2,3,3,1,2,4,2,2,1,Gamer
2,2,4,2,2,3,3,4,1,1,3,2,2,2,2,Gamer
1,3,4,1,3,4,2,2,2,3,2,3,2,3,2,Gamer
1,1,3,1,3,3,2,3,1,1,3,4,3,4,3,Gamer
3,4,4,1,3,4,3,4,1,3,1,4,3,3,3,Gamer
2,3,4,2,4,4,2,3,1,2,2,4,3,3,2,Gamer
3,4,3,4,1,3,2,4,1,2,3,3,3,3,2,Gamer
1,3,4,3,1,3,3,4,3,2,1,3,3,4,4,Gamer
2,2,3,3,3,3,3,3,1,4,3,4,3,4,1,Gamer
2,1,4,4,4,4,3,3,1,3,2,4,2,4,4,Gamer
4,4,4,1,3,3,2,3,4,1,3,4,3,1,4,Gamer
3,1,4,1,1,3,2,3,4,3,3,4,2,1,1,Gamer
4,3,3,4,4,4,2,3,2,2,1,3,3,4,1,Gamer
4,4,3,3,3,3,2,4,2,2,1,3,3,1,2,Gamer
2,1,4,4,2,3,3,3,1,2,2,4,2,4,1,Gamer
3,1,4,4,4,4,3,3,4,4,4,4,3,1,1,Gamer
1,4,4,4,4,3,3,4,2,4,3,4,3,2,3,Gamer
4,2,3,3,1,3,3,3,2,2,4,3,3,4,3,Gamer
3,2,3,1,1,4,2,3,2,1,2,3,3,3,3,Gamer
4,1,3,1,1,4,2,4,2,3,2,3,2,4,1,Gamer
4,4,4,2,4,3,3,3,1,3,3,4,3,2,2,Gamer
4,3,3,4,2,3,3,3,3,3,4,4,3,1,4,Gamer
3,3,3,1,3,4,3,4,2,4,3,3,2,3,1,Gamer
1,3,3,2,1,3,3,3,3,4,1,4,2,3,3,Gamer
4,3,3,2,3,3,2,4,4,2,1,4,2,3,4,Gamer
1,4,4,4,2,3,3,3,4,4,3,3,3,4,4,Gamer
2,1,3,4,4,3,3,4,1,4,1,4,3,3,1,Gamer
3,4,3,2,2,3,3,4,3,2,2,4,3,1,3,Gamer
3,4,4,2,2,3,2,4,2,3,1,4,2,2,4,Gamer
1,3,4,1,2,3,2,4,1,1,2,4,3,2,2,Gamer
1,3,3,2,4,4,3,3,3,1,1,3,3,3,2,Gamer
2,1,3,2,1,3,2,3,1,3,2,3,3,3,4,Gamer
4,1,3,1,3,3,3,4,4,1,4,4,2,3,1,Gamer
2,2,4,2,2,4,2,4,1,4,3,4,3,1,4,Gamer
1,2,4,3,1,3,2,4,3,4,2,4,3,3,4,Gamer
3,1,3,1,4,4,3,4,4,4,4,4,2,1,4,Gamer
1,1,3,3,2,4,3,4,1,3,3,3,3,3,2,Gamer
2,1,3,4,1,4,3,3,2,2,1,3,3,2,3,Gamer
1,4,4,3,4,4,3,4,4,4,3,3,2,1,3,Gamer
3,1,4,2,4,3,2,4,2,3,3,4,2,1,4,Gamer
4,2,4,1,3,3,3,3,1,4,1,3,2,1,4,Gamer
3,4,4,1,1,4,2,3,4,1,4,4,3,4,4,Gamer
3,2,3,1,1,3,3,3,3,3,4,3,3,2,2,Gamer
3,3,4,2,4,3,2,3,3,1,2,3,3,1,4,Gamer
2,4,3,3,3,3,2,4,2,1,4,3,3,2,1,Gamer
3,4,3,4,2,4,2,3,1,3,1,3,2,3,4,Gamer
3,2,4,3,2,3,3,4,2,1,2,3,3,1,2,Gamer
2,3,3,2,4,3,2,3,2,2,2,4,3,3,4,Gamer
2,1,4,2,4,4,3,4,1,2,4,4,3,4,2,Gamer
4,1,3,2,2,3,3,3,2,3,4,4,3,3,3,Gamer
2,1,3,3,4,4,2,3,4,3,4,4,3,4,1,Gamer
1,3,4,3,2,4,3,3,3,1,2,3,2,3,3,Gamer
3,3,4,4,4,4,2,3,4,2,2,4,3,2,4,Gamer
1,2,1,1,2,2,2,1,1,3,3,2,4,3,4,Softie
1,2,1,2,1,3,2,1,1,4,2,1,2,2,4,Softie
1,2,3,1,2,3,2,1,2,4,2,3,4,2,4,Softie
1,3,3,1,3,2,3,1,1,4,2,1,3,2,2,Softie
1,2,3,1,2,2,1,1,1,4,3,2,4,2,4,Softie
1,3,3,1,1,2,2,1,1,3,3,1,4,2,4,Softie
1,2,2,1,2,3,1,1,1,3,2,1,4,3,4,Softie
2,2,3,1,3,1,2,1,1,4,3,2,4,3,2,Softie
2,3,1,1,3,2,2,1,1,2,3,2,2,1,3,Softie
2,2,1,1,2,2,2,2,1,4,2,3,2,3,3,Softie
1,2,2,1,1,2,2,1,1,4,2,2,3,2,4,Softie
1,2,3,1,2,3,3,1,1,3,2,1,3,2,4,Softie
1,2,3,1,2,2,2,1,1,3,2,2,4,2,4,Softie
1,2,2,1,2,2,3,1,2,4,1,3,4,2,3,Softie
2,2,2,1,2,2,2,1,2,3,3,3,3,2,4,Softie
2,2,3,2,2,1,2,1,1,4,1,2,3,2,4,Softie
1,1,2,2,2,2,2,1,1,3,3,3,4,2,4,Softie
1,2,3,1,3,3,2,1,1,4,2,3,3,2,2,Softie
1,2,2,1,2,2,2,1,1,4,2,3,4,1,3,Softie
1,2,2,1,3,2,2,2,1,3,2,2,4,2,2,Softie
1,1,1,1,1,3,2,1,1,3,2,2,3,1,3,Softie
1,2,3,2,1,2,2,1,1,4,1,2,3,2,4,Softie
1,3,3,1,1,2,2,1,1,4,2,2,4,2,4,Softie
1,2,3,1,2,3,2,1,1,2,2,3,2,2,3,Softie
1,2,3,1,2,2,2,1,1,4,3,2,3,3,4,Softie
1,1,2,1,3,3,2,1,2,4,2,2,4,1,2,Softie
1,3,2,1,2,2,2,1,1,4,3,2,4,1,3,Softie
1,2,2,1,3,2,3,2,1,3,2,3,3,2,4,Softie
1,2,2,1,2,2,2,1,1,4,1,1,4,1,3,Softie
1,2,3,1,2,1,2,2,1,4,3,3,4,2,3,Softie
2,2,3,1,2,2,3,1,1,4,3,2,3,2,4,Softie
1,2,2,2,2,2,2,1,1,3,1,2,2,1,3,Softie
2,2,2,1,2,3,2,2,1,4,2,2,4,1,2,Softie
1,2,2,1,2,2,1,1,2,4,3,3,4,3,4,Softie
1,2,2,2,2,2,2,2,1,4,3,1,4,3,4,Softie
1,2,2,2,3,1,2,2,1,2,1,3,4,2,4,Softie
1,3,2,1,1,3,3,2,1,3,3,1,4,2,3,Softie
1,2,2,1,3,2,2,1,1,3,2,2,3,1,4,Softie
1,2,3,1,1,2,2,1,1,4,3,1,4,2,4,Softie
1,2,2,1,1,2,2,1,2,3,3,2,4,2,3,Softie
1,3,2,1,3,3,2,1,2,4,2,2,4,1,4,Softie
1,2,2,1,2,2,3,2,1,4,2,2,3,3,4,Softie
1,2,3,2,2,3,2,1,1,4,2,1,2,1,4,Softie
1,2,2,1,2,2,2,1,2,2,2,2,3,1,2,Softie
2,3,2,2,2,2,3,1,1,4,1,2,4,1,4,Softie
1,2,2,1,3,2,2,2,1,4,2,2,4,2,4,Softie
1,2,2,1,1,2,2,1,1,3,2,2,4,2,3,Softie
1,1,2,1,1,2,3,1,1,3,2,1,4,1,4,Softie
1,1,2,1,3,2,2,2,1,2,2,2,4,2,2,Softie
1,2,3,1,1,3,2,1,1,3,2,2,3,3,3,Softie
1,1,3,1,2,2,2,2,1,3,1,2,4,3,4,Softie
1,3,2,1,1,2,2,1,1,3,3,1,4,3,2,Softie
2,1,2,1,2,1,2,1,1,4,2,3,4,2,4,Softie
2,2,3,1,2,2,1,2,2,3,2,2,4,3,3,Softie
1,3,3,1,2,2,2,1,1,4,2,2,4,1,3,Softie
1,2,2,1,3,2,2,1,1,3,2,2,4,2,3,Softie
1,2,2,2,3,3,2,1,2,4,1,2,3,2,3,Softie
1,2,3,1,3,3,2,1,2,4,2,2,4,2,4,Softie
1,1,3,1,2,2,2,2,1,4,2,3,4,2,4,Softie
1,2,2,1,3,1,1,1,1,3,2,1,4,2,4,Softie
1,3,3,2,1,2,1,1,2,4,2,2,3,3,4,Softie
2,3,2,2,2,3,2,2,1,4,2,3,2,3,4,Softie
1,2,3,1,2,1,3,1,1,3,3,2,4,2,4,Softie
2,1,2,2,2,2,2,1,1,4,2,2,4,2,2,Softie
1,1,1,1,3,3,2,1,1,2,2,3,4,2,3,Softie
2,3,3,2,3,3,2,1,2,3,2,2,4,2,3,Softie
1,2,2,2,3,3,2,1,1,3,2,2,3,1,3,Softie
1,1,2,1,1,1,1,2,1,4,2,3,4,2,4,Softie
1,2,2,2,3,2,3,1,1,4,2,2,2,1,4,Softie
1,3,2,1,1,2,2,1,1,4,3,2,4,3,3,Softie
1,2,2,1,2,1,2,1,1,2,2,3,4,2,3,Softie
1,1,3,1,2,2,3,1,2,2,1,2,4,2,4,Softie
1,2,2,1,2,2,3,1,2,2,2,2,2,2,3,Softie
2,2,2,2,2,2,2,1,2,4,1,2,4,2,2,Softie
1,2,2,1,2,2,2,1,2,3,3,2,3,3,3,Softie
1,1,1,1,2,2,2,1,1,3,2,2,4,2,3,Softie
1,2,2,2,2,3,2,1,1,4,3,2,4,3,2,Softie
1,2,1,1,2,3,2,2,2,3,3,2,4,2,4,Softie
1,2,2,1,2,2,3,1,2,3,2,1,3,3,3,Softie
1,2,2,1,1,2,1,1,1,4,2,3,3,1,3,Softie
2,1,2,1,2,2,1,2,1,2,1,2,4,2,3,Softie
2,1,3,1,2,2,3,1,1,4,2,2,3,1,4,Softie
1,2,2,1,3,2,1,2,1,4,3,2,4,2,4,Softie
1,3,2,1,2,3,2,1,1,4,3,1,4,2,4,Softie
2,3,2,1,1,1,2,1,1,3,2,1,4,3,4,Softie
2,2,1,1,1,3,3,1,1,4,2,2,3,2,4,Softie
1,2,3,1,1,2,3,1,1,3,3,2,4,2,4,Softie
1,3,2,2,2,3,3,1,1,4,1,3,4,1,4,Softie
1,2,2,1,2,2,1,1,1,3,2,2,4,2,4,Softie
1,3,3,1,1,2,1,1,2,4,2,2,3,2,3,Softie
1,2,2,1,2,3,2,1,2,4,2,1,3,1,3,Softie
1,1,2,1,2,3,2,1,1,4,2,2,3,3,4,Softie
1,2,1,2,1,3,2,1,1,3,2,3,4,3,4,Softie
1,2,1,2,3,1,1,1,1,4,3,2,4,2,4,Softie
1,2,2,2,2,3,2,2,2,4,3,3,4,2,4,Softie
1,2,3,1,3,3,2,2,2,3,2,3,4,2,3,Softie
1,1,3,1,2,2,2,1,1,4,1,3,4,2,4,Softie
1,2,2,1,2,1,2,2,1,2,2,2,4,3,4,Softie
1,2,3,1,1,3,2,1,1,4,2,3,4,2,4,Softie
1,2,2,1,2,2,2,1,1,3,2,1,4,2,3,Softie
2,2,3,1,2,2,3,1,2,4,2,2,4,3,4,Softie
1,2,2,2,1,2,2,1,1,4,3,2,4,2,2,Softie
2,3,3,1,1,1,3,1,1,4,3,2,3,2,3,Softie
2,2,2,1,2,1,2,1,1,3,3,2,4,2,4,Softie
1,1,3,2,2,3,1,1,1,4,1,2,4,1,4,Softie
1,3,3,1,2,2,2,1,1,3,2,2,4,2,3,Softie
1,1,3,1,3,3,2,1,1,4,2,3,2,2,3,Softie
2,2,2,1,2,1,2,2,2,3,2,1,4,1,3,Softie
1,2,2,1,1,3,2,2,1,4,3,2,2,3,4,Softie
1,2,1,2,2,2,1,1,2,4,3,1,4,2,2,Softie
1,2,3,2,2,3,2,2,1,4,2,2,2,3,4,Softie
1,1,2,1,2,2,2,1,2,2,2,2,3,3,3,Softie
1,2,3,1,2,3,2,1,1,4,2,2,3,2,2,Softie
1,2,3,2,1,2,3,1,1,4,1,2,2,3,4,Softie
1,1,2,2,2,3,2,2,1,4,1,1,2,2,4,Softie
1,2,3,1,1,2,2,1,1,3,3,2,3,1,4,Softie
1,3,3,1,2,2,2,1,1,4,1,2,4,2,4,Softie
1,3,2,1,2,2,2,1,1,3,2,2,4,1,3,Softie
1,3,3,1,2,2,2,1,2,3,2,1,3,2,4,Softie
1,2,3,1,2,2,1,1,1,4,2,2,4,2,4,Softie
1,3,2,1,2,2,2,1,1,3,3,2,4,1,4,Softie
2,2,2,1,2,3,3,1,2,4,2,2,3,2,2,Softie
1,2,2,2,2,2,2,1,2,3,2,2,4,2,3,Softie
1,2,2,1,1,1,1,1,1,3,2,2,3,2,4,Softie
1,3,2,1,3,2,1,1,1,3,3,1,2,3,4,Softie
1,3,1,1,3,2,2,1,1,4,3,2,2,2,4,Softie
1,2,3,2,2,2,2,1,1,3,3,2,4,3,4,Softie
1,2,1,1,2,2,3,1,1,2,3,2,2,1,4,Softie
1,2,2,1,2,2,2,1,1,4,3,3,3,2,4,Softie
2,2,2,1,2,2,2,1,2,3,1,1,4,3,2,Softie
1,3,3,1,3,2,2,1,1,4,3,2,2,3,4,Softie
2,2,2,2,2,1,2,1,1,3,2,2,3,2,3,Softie
1,2,3,1,2,2,2,1,1,2,3,2,4,2,4,Softie
1,3,3,2,2,2,2,1,1,4,2,2,4,2,4,Softie
1,3,3,2,2,2,2,1,1,4,3,2,4,2,4,Softie
1,3,3,2,3,2,1,1,1,2,1,2,4,3,2,Softie
1,1,1,1,2,2,2,2,1,4,2,2,4,1,3,Softie
2,2,2,1,3,1,2,1,1,3,3,2,3,2,4,Softie
1,2,2,1,2,2,2,2,1,4,1,2,2,3,4,Softie
1,2,2,1,3,2,3,1,1,4,3,2,4,3,2,Softie
1,2,3,1,1,2,2,1,1,2,2,3,3,2,4,Softie
2,1,2,1,2,3,3,1,1,3,3,2,3,3,4,Softie
1,2,2,2,2,2,2,1,1,4,2,2,4,3,4,Softie
1,2,2,1,3,1,1,1,2,3,2,2,4,2,4,Softie
1,2,2,1,2,2,2,1,1,4,2,3,4,2,4,Softie
1,2,2,1,2,2,2,2,1,4,2,2,4,2,4,Softie
1,2,2,1,2,2,3,1,1,2,3,3,4,3,4,Softie
2,2,2,1,2,2,2,1,1,4,2,1,3,2,3,Softie
1,1,2,1,1,1,1,1,1,3,2,3,4,3,4,Softie
1,2,2,1,2,3,2,1,1,3,3,3,4,2,4,Softie
1,1,2,1,2,2,2,1,1,4,1,2,2,3,4,Softie
1,2,3,1,2,2,1,1,1,3,1,1,4,2,3,Softie
1,2,2,1,2,2,2,2,1,4,2,1,3,2,4,Softie
2,2,3,1,2,3,2,1,1,4,3,2,3,2,4,Softie
1,2,2,1,2,2,2,2,1,3,2,2,3,3,4,Softie
1,1,2,2,2,3,2,1,1,4,2,3,4,3,4,Softie
1,2,3,2,3,3,3,1,1,3,3,2,3,3,3,Softie
1,3,2,1,2,1,2,1,2,3,2,3,4,2,4,Softie
1,2,3,1,2,2,1,1,1,4,2,1,3,3,4,Softie
1,2,2,2,2,1,3,2,2,4,2,3,3,3,4,Softie
1,2,2,1,2,2,3,1,1,4,2,2,4,1,4,Softie
1,2,2,1,2,3,3,1,1,4,2,2,4,2,4,Softie
1,1,1,1,1,2,2,2,1,4,2,3,4,3,4,Softie
1,2,2,1,2,3,2,1,1,4,2,2,3,3,4,Softie
1,2,2,2,2,1,2,2,1,4,2,3,3,1,4,Softie
1,2,1,1,3,2,2,2,1,4,2,3,2,2,3,Softie
2,2,2,2,2,1,2,1,1,4,2,2,4,2,2,Softie
2,1,2,1,2,1,2,1,2,4,2,3,3,3,4,Softie
1,3,2,2,1,2,2,2,1,3,2,2,2,2,3,Softie
1,2,3,1,3,3,3,1,2,2,2,2,3,3,4,Softie
1,2,2,1,2,2,2,2,1,4,1,2,3,2,4,Softie
1,2,3,1,2,3,1,1,2,4,2,1,4,3,4,Softie
1,1,1,1,2,3,2,1,1,3,2,2,4,3,3,Softie
2,2,3,1,3,2,2,1,1,3,2,2,3,3,2,Softie
1,3,2,1,3,3,2,1,1,3,2,1,4,1,4,Softie
1,1,2,1,2,2,3,1,1,4,2,1,3,2,2,Softie
1,2,2,1,2,2,2,1,1,3,2,1,3,2,4,Softie
1,2,2,1,3,2,2,1,1,3,3,2,4,2,3,Softie
2,2,2,2,2,2,2,2,1,3,2,3,4,1,4,Softie
1,1,2,1,1,3,2,1,1,3,3,1,4,2,3,Softie
1,2,3,1,1,3,2,1,1,3,2,1,4,2,3,Softie
1,3,2,1,2,2,3,1,2,2,3,3,4,2,3,Softie
1,2,3,1,1,2,3,1,2,4,2,1,4,2,4,Softie
1,2,3,1,3,2,3,1,1,3,2,2,3,2,4,Softie
1,2,2,1,2,2,2,2,1,4,2,2,4,2,4,Softie
1,2,2,2,2,3,2,1,1,4,2,2,4,2,3,Softie
1,3,3,1,2,2,2,1,1,4,2,2,3,2,4,Softie
1,2,2,1,2,3,1,1,1,4,2,2,3,2,4,Softie
1,2,3,2,2,1,1,1,1,2,3,1,4,2,4,Softie
1,3,2,2,2,2,1,1,2,3,2,3,3,1,4,Softie
1,2,2,1,1,2,2,1,1,4,1,2,4,2,4,Softie
1,2,2,1,2,2,3,1,1,3,2,3,3,2,4,Softie
2,1,2,1,2,1,2,1,1,4,2,3,4,1,4,Softie
1,2,2,1,1,2,2,1,1,3,3,2,3,3,3,Softie
1,2,2,2,2,2,3,1,2,4,2,3,4,3,2,Softie
1,1,3,1,3,3,3,1,1,4,1,1,4,2,2,Softie
1,2,2,1,1,3,3,1,2,2,2,3,3,2,4,Softie
1,1,2,2,3,2,2,2,1,4,3,2,4,2,3,Softie
2,2,2,2,2,3,3,1,1,2,2,3,4,2,2,Softie
1,1,3,1,3,2,1,1,1,4,2,1,4,1,3,Softie
1,2,4,1,3,3,2,1,2,4,2,3,4,2,4,Softie
1,4,2,1,2,4,2,2,2,3,2,3,3,2,4,Softie
1,2,3,1,3,1,3,2,2,4,2,4,4,1,3,Softie
2,2,3,2,2,3,2,2,2,4,3,4,4,3,3,Softie
2,4,2,1,3,4,4,1,2,3,2,2,3,3,4,Softie
2,4,2,2,2,1,4,2,2,3,2,3,3,2,4,Softie
2,1,2,2,3,4,3,1,1,3,2,2,3,1,3,Softie
1,2,4,1,2,4,3,2,1,3,3,4,3,2,3,Softie
1,2,1,1,3,1,4,2,2,3,3,2,3,4,3,Softie
1,4,2,2,3,1,3,1,2,3,3,4,4,4,3,Softie
2,1,3,1,3,4,2,1,2,3,3,3,3,4,3,Softie
2,1,2,2,2,2,3,1,2,3,2,1,3,3,3,Softie
2,1,4,1,2,1,2,1,2,4,2,2,4,1,3,Softie
2,4,2,1,3,1,3,1,2,4,2,4,3,4,4,Softie
2,4,3,2,3,4,4,2,2,3,3,2,4,2,4,Softie
2,1,4,1,3,4,2,1,2,4,2,4,3,1,3,Softie
1,2,3,1,3,1,1,2,1,4,3,2,4,2,4,Softie
2,2,4,1,2,2,4,1,2,3,2,4,4,4,3,Softie
1,2,2,2,3,2,3,2,1,3,2,1,4,1,3,Softie
2,1,3,2,2,1,2,1,2,4,3,4,4,4,4,Softie
2,1,1,2,3,2,1,1,2,3,2,4,4,4,3,Softie
1,1,3,1,2,1,4,1,1,4,3,2,3,1,4,Softie
2,1,4,2,3,3,4,1,1,4,3,1,3,4,3,Softie
2,1,3,1,3,1,3,1,1,3,3,3,3,1,4,Softie
2,1,4,2,2,3,2,1,2,3,3,2,4,3,4,Softie
1,2,2,2,3,4,4,1,1,4,3,3,4,4,3,Softie
1,1,3,1,3,2,4,2,2,3,2,2,3,1,4,Softie
2,1,1,2,3,2,4,1,1,4,3,4,3,3,4,Softie
1,1,1,2,2,1,4,2,1,3,3,4,4,3,3,Softie
1,2,1,2,3,1,4,1,1,3,3,2,3,1,3,Softie
2,1,3,1,2,4,3,2,1,4,3,2,3,2,3,Softie
2,3,4,1,3,4,1,1,1,3,3,1,4,2,3,Softie
1,1,1,2,2,3,1,2,1,4,2,2,3,1,4,Softie
1,3,3,2,3,2,3,1,2,3,3,4,3,3,3,Softie
1,2,4,1,2,3,3,2,2,3,2,3,3,3,3,Softie
1,4,2,2,2,1,4,1,2,3,3,3,3,1,3,Softie
2,4,2,1,2,3,2,2,1,4,3,3,3,2,4,Softie
1,3,3,1,2,1,3,2,1,3,3,1,3,4,4,Softie
2,4,3,1,2,4,2,1,2,3,2,2,4,3,3,Softie
1,3,1,2,2,4,3,1,1,3,2,2,3,4,3,Softie
1,3,4,2,2,4,3,1,1,4,3,2,3,2,4,Softie
2,2,2,2,2,4,1,2,1,4,2,1,4,1,4,Softie
2,1,3,1,3,3,3,2,1,3,3,1,4,1,3,Softie
1,4,3,1,2,1,1,1,1,3,2,3,4,2,3,Softie
2,1,1,1,2,4,2,1,2,4,3,4,3,3,4,Softie
2,3,1,2,2,4,4,2,1,3,2,4,3,3,3,Softie
2,3,1,1,3,1,2,2,1,3,3,2,3,1,3,Softie
2,3,3,1,3,3,2,2,1,4,2,1,3,3,4,Softie
1,3,2,1,3,4,2,1,2,4,2,4,3,3,3,Softie
1,4,4,2,2,1,1,1,1,3,2,1,4,2,3,Softie
